insert into organisation (org_name, abbreviation, street, street_number, postal_code, city, category) values ('Οικονομικό Πανεπιστήμιο Αθηνών', 'ΟΠΑ', '28ης Οκτωβρίου', '76', '10434', 'Αθήνα', 'university');
insert into organisation (org_name, abbreviation, street, street_number, postal_code, city, category) values ('Ναυπηγεία Ελευσίνας', 'ΝΑΥΕΛ', 'ΠΕΟ Αθηνών-Κορίνθου', NULL, '19200', 'Ελευσίνα', 'corporation');
insert into organisation (org_name, abbreviation, street, street_number, postal_code, city, category) values ('Πανεπιστήμιο Δυτικής Μακεδονίας', 'ΠΔΜ', 'Κοίλα', NULL, '50100', 'Κοζάνη', 'university');
insert into organisation (org_name, abbreviation, street, street_number, postal_code, city, category) values ('Πανεπιστήμιο Πατρών', 'ΠΑΤΡ', 'Πανεπιστημιούπολη Πατρών', NULL, '26504','Ρίο', 'university');
insert into organisation (org_name, abbreviation, street, street_number, postal_code, city, category) values ('Πολυτεχνείο Κρήτης', 'ΠΚ', 'Πολυτεχνειούπολη Χανίων', NULL, '73100', 'Ακρωτήρι', 'university');
insert into organisation (org_name, abbreviation, street, street_number, postal_code, city, category) values ('Δωδώνη', 'ΔΩΔ', 'Ταγματάρχη Κωστάκη', '1', '45500', 'Ελεούσα', 'corporation');
insert into organisation (org_name, abbreviation, street, street_number, postal_code, city, category) values ('ΤΙΤΑΝ', 'ΤΙΤ', 'Χαλκίδος', '22', '11143', 'Αθήνα', 'corporation');
insert into organisation (org_name, abbreviation, street, street_number, postal_code, city, category) values ('Εθνικό Μετσόβιο Πολυτεχνείο', 'ΕΜΠ', 'Ηρώων Πολυτεχνείου', '9', '15780', 'Ζωγράφου', 'university');
insert into organisation (org_name, abbreviation, street, street_number, postal_code, city, category) values ('Πανεπιστήμιο Θεσσαλίας', 'ΠΑΘΕ', 'Αργοναυτών & Φιλελλήνων', NULL, '38221', 'Βόλος', 'university');
insert into organisation (org_name, abbreviation, street, street_number, postal_code, city, category) values ('Αριστοτέλειο Πανεπιστήμιο Θεσσαλονίκης', 'ΑΠΘ', 'Αγ. Δημητρίου', NULL, '54124', 'Θεσσαλονίκη', 'univesity');
insert into organisation (org_name, abbreviation, street, street_number, postal_code, city, category) values ('Εθνικό Δίκτυο Έρευνας και Τεχνολογίας', 'ΕΔΥΤΕ', 'Λ. Κηφισίας', '7', '11523', 'Αθήνα', 'research_center');
insert into organisation (org_name, abbreviation, street, street_number, postal_code, city, category) values ('Ελληνικά Πετρέλαια','ΕΛΠΕ','Χειμάρρας', '8', '15125', 'Μαρούσι', 'corporation');
insert into organisation (org_name, abbreviation, street, street_number, postal_code, city, category) values ('Πανεπιστήμιο Αιγαίου', 'ΠΑ', 'Λόφος Πανεπιστημίου', NULL,'81100','Μυτιλήνη', 'university');
insert into organisation (org_name, abbreviation, street, street_number, postal_code, city, category) values ('Vodafone', 'VOD', 'Τζαβέλλα', '3', '15231', 'Χαλάνδρι', 'corporation');
insert into organisation (org_name, abbreviation, street, street_number, postal_code, city, category) values ('Olympia Electronics', 'OE', '72ο χλμ ΠΕΟ Θεσ-Κατ',NULL, '60300', 'Αιγίνιο', 'corporation');
insert into organisation (org_name, abbreviation, street, street_number, postal_code, city, category) values ('Ελληνική Βιομηχανία Οχημάτων', 'ΕΛΒΟ', 'ΒΙΠΕ Σίνδου', NULL, '57022', 'Σίνδος', 'corporation');
insert into organisation (org_name, abbreviation, street, street_number, postal_code, city, category) values ('PFIZER Ελλάδος', 'PFZR', 'Λ. Μεσογείων', '243', '15451', 'Νέο Ψυχικό', 'university');
insert into organisation (org_name, abbreviation, street, street_number, postal_code, city, category) values ('Πανεπιστήμιο Ιωαννίνων', 'ΠΙ', 'Πανεπιστημιούπολη Ιωαννίνων', NULL, '45110', 'Ιωάννινα', 'university');
insert into organisation (org_name, abbreviation, street, street_number, postal_code, city, category) values ('Motor Oil', 'MOTR', 'Ηρώδου Αττικού', '12', '15124', 'Μαρούσι', 'corporation');
insert into organisation (org_name, abbreviation, street, street_number, postal_code, city, category) values ('Δημοκρίτειο Πανεπιστήμιο Θράκης', 'ΔΠΘ', 'Πανεπιστημιούπολη Κομοτηνής', NULL, '69100', 'Κομοτηνή', 'university');
insert into organisation (org_name, abbreviation, street, street_number, postal_code, city, category) values ('Δημόκριτος', 'ΕΚΕΦΕ', 'Πατρ. Γρηγορίου & Νεαπόλεως', '27', '15341', 'Αγία Παρασκευή', 'research_center');
insert into organisation (org_name, abbreviation, street, street_number, postal_code, city, category) values ('Πανεπιστήμιο Δυτικής Αττικής', 'ΠΑΔΑ', 'Αγίου Σπυρίδωνος', '28', '12243', 'Αιγάλεω', 'university');
insert into organisation (org_name, abbreviation, street, street_number, postal_code, city, category) values ('Ιόνιο Πανεπιστήμιο', 'ΙΟΝΙΟ', 'Ιωάννου Θεοτόκη', '72', '49100', 'Κέρκυρα', 'university');
insert into organisation (org_name, abbreviation, street, street_number, postal_code, city, category) values ('Πανεπιστήμιο Κρήτης', 'ΠΚΡ', 'Πανεπιστημιούπολη Βουτών', NULL, '70013', 'Ηράκλειο', 'university');
insert into organisation (org_name, abbreviation, street, street_number, postal_code, city, category) values ('Διεθνές Πανεπιστήμιο Ελλάδος', 'ΔΙΠΑΕ', '14o χλμ Θεσσαλονίκης-Ν. Μουδανιών', NULL, '57001', 'Θεσσαλονίκη', 'university');
insert into organisation (org_name, abbreviation, street, street_number, postal_code, city, category) values ('COSMOTE', 'ΟΤΕ', 'Λ. Κηφισίας', '99', '15124', 'Μαρούσι', 'corporation');
insert into organisation (org_name, abbreviation, street, street_number, postal_code, city, category) values ('Ινστιτούτο Παστέρ', 'ΕΙΠ', 'Βασ. Σοφίας', '127', '11521', 'Αθήνα', 'research_center');
insert into organisation (org_name, abbreviation, street, street_number, postal_code, city, category) values ('Εθνικό Αστεροσκοπείο Αθηνών', 'ΕΑΕ', 'Λόφος Νυμφών', NULL, '11810', 'Αθήνα', 'research_center');
insert into organisation (org_name, abbreviation, street, street_number, postal_code, city, category) values ('Ανεξάρτητος Διαχειριστής Μεταφοράς Ηλεκτρικής Ενέργειας', 'ΑΔΜΗΕ', 'Δυρραχίου', '89', '10443', 'Αθήνα', 'corporation');
insert into organisation (org_name, abbreviation, street, street_number, postal_code, city, category) values ('ΕΛΒΑΛΧΑΛΚΟΡ', 'ΕΛΧΑ', 'Μεσογείων', '2', '11527', 'Αθήνα', 'corporation');
insert into organisation (org_name, abbreviation, street, street_number, postal_code, city, category) values ('Ελληνικό Κέντρο Θαλασσίων Ερευνών', 'ΕΛΚΕΘΕ', 'Ακτή Μιαούλη', '13', '11227', 'Πειραιάς', 'research_center');
insert into organisation (org_name, abbreviation, street, street_number, postal_code, city, category) values ('Ίδρυμα Τεχνολογίας και Έρευνας', 'ΙΚΕ', 'Νικολάου Πλαστήρα',  '100', '70013', 'Ηράκλειο', 'research_center');

insert into telephone_number (t_number, org_name) values ('2101021545', 'COSMOTE');
insert into telephone_number (t_number, org_name) values ('2108432417', 'Εθνικό Αστεροσκοπείο Αθηνών');
insert into telephone_number (t_number, org_name) values ('2353054028', 'Olympia Electronics');
insert into telephone_number (t_number, org_name) values ('2353022418', 'Olympia Electronics');
insert into telephone_number (t_number, org_name) values ('2661089744', 'Ιόνιο Πανεπιστήμιο');
insert into telephone_number (t_number, org_name) values ('2610343656', 'Πανεπιστήμιο Πατρών');
insert into telephone_number (t_number, org_name) values ('2101866479', 'Vodafone');
insert into telephone_number (t_number, org_name) values ('2325051993', 'Πανεπιστήμιο Κρήτης');
insert into telephone_number (t_number, org_name) values ('2106491775', 'ΤΙΤΑΝ');
insert into telephone_number (t_number, org_name) values ('2101760663', 'PFIZER Ελλάδος');
insert into telephone_number (t_number, org_name) values ('2101393832', 'PFIZER Ελλάδος');
insert into telephone_number (t_number, org_name) values ('2104594152', 'Motor Oil');
insert into telephone_number (t_number, org_name) values ('2100921474', 'ΤΙΤΑΝ');
insert into telephone_number (t_number, org_name) values ('2461053131', 'Πανεπιστήμιο Δυτικής Μακεδονίας');
insert into telephone_number (t_number, org_name) values ('2251097311', 'Πανεπιστήμιο Αιγαίου');
insert into telephone_number (t_number, org_name) values ('2251097312', 'Πανεπιστήμιο Αιγαίου');
insert into telephone_number (t_number, org_name) values ('2100436391', 'Εθνικό Δίκτυο Έρευνας και Τεχνολογίας');
insert into telephone_number (t_number, org_name) values ('2107627661', 'Εθνικό Μετσόβιο Πολυτεχνείο');
insert into telephone_number (t_number, org_name) values ('2107328620', 'Δημόκριτος');
insert into telephone_number (t_number, org_name) values ('2100577433', 'Πανεπιστήμιο Δυτικής Αττικής');
insert into telephone_number (t_number, org_name) values ('2531076124', 'Δημοκρίτειο Πανεπιστήμιο Θράκης');
insert into telephone_number (t_number, org_name) values ('2651023229', 'Πανεπιστήμιο Ιωαννίνων');
insert into telephone_number (t_number, org_name) values ('2107215736', 'Ελληνικό Κέντρο Θαλασσίων Ερευνών');
insert into telephone_number (t_number, org_name) values ('2106582378', 'COSMOTE');
insert into telephone_number (t_number, org_name) values ('2103420985', 'Δημόκριτος');
insert into telephone_number (t_number, org_name) values ('2108491092', 'COSMOTE');
insert into telephone_number (t_number, org_name) values ('2410516126', 'Πανεπιστήμιο Θεσσαλίας');
insert into telephone_number (t_number, org_name) values ('2310464398', 'Διεθνές Πανεπιστήμιο Ελλάδος');
insert into telephone_number (t_number, org_name) values ('2651054520', 'Πανεπιστήμιο Ιωαννίνων');
insert into telephone_number (t_number, org_name) values ('2103426126', 'ΕΛΒΑΛΧΑΛΚΟΡ');
insert into telephone_number (t_number, org_name) values ('2104546473', 'Εθνικό Αστεροσκοπείο Αθηνών');
insert into telephone_number (t_number, org_name) values ('2102749995', 'Εθνικό Μετσόβιο Πολυτεχνείο');
insert into telephone_number (t_number, org_name) values ('2102490387', 'Εθνικό Αστεροσκοπείο Αθηνών');
insert into telephone_number (t_number, org_name) values ('2103141793', 'COSMOTE');
insert into telephone_number (t_number, org_name) values ('2353067198', 'Olympia Electronics');
insert into telephone_number (t_number, org_name) values ('2100231566', 'Πανεπιστήμιο Θεσσαλίας');
insert into telephone_number (t_number, org_name) values ('2461022912', 'Πανεπιστήμιο Δυτικής Μακεδονίας');
insert into telephone_number (t_number, org_name) values ('2325085112', 'Πανεπιστήμιο Κρήτης');
insert into telephone_number (t_number, org_name) values ('2353085714', 'Olympia Electronics');
insert into telephone_number (t_number, org_name) values ('2410820317', 'Πανεπιστήμιο Θεσσαλίας');
insert into telephone_number (t_number, org_name) values ('2100435218', 'PFIZER Ελλάδος');
insert into telephone_number (t_number, org_name) values ('2108574682', 'ΕΛΒΑΛΧΑΛΚΟΡ');
insert into telephone_number (t_number, org_name) values ('2651048592', 'Δωδώνη');
insert into telephone_number (t_number, org_name) values ('2107288800', 'Εθνικό Μετσόβιο Πολυτεχνείο');
insert into telephone_number (t_number, org_name) values ('2353079920', 'Olympia Electronics');
insert into telephone_number (t_number, org_name) values ('2109622637', 'Οικονομικό Πανεπιστήμιο Αθηνών');
insert into telephone_number (t_number, org_name) values ('2531058892', 'Δημοκρίτειο Πανεπιστήμιο Θράκης');
insert into telephone_number (t_number, org_name) values ('2410431400', 'Πανεπιστήμιο Θεσσαλίας');
insert into telephone_number (t_number, org_name) values ('2101170774', 'Εθνικό Δίκτυο Έρευνας και Τεχνολογίας');
insert into telephone_number (t_number, org_name) values ('2109452451', 'Ανεξάρτητος Διαχειριστής Μεταφοράς Ηλεκτρικής Ενέργειας');

insert into researcher (researcher_name, researcher_surname, gender, date_of_birth, org_name, contract_date) values ('Περικλής', 'Τάτσης', 'M', '1965-08-23', 'Εθνικό Αστεροσκοπείο Αθηνών', '2015-11-27');
insert into researcher (researcher_name, researcher_surname, gender, date_of_birth, org_name, contract_date) values ('Ηλίας', 'Γαϊτανίδης', 'M', '1995-11-29', 'Πανεπιστήμιο Δυτικής Αττικής', '2017-06-14');
insert into researcher (researcher_name, researcher_surname, gender, date_of_birth, org_name, contract_date) values ('Αναστάσιος', 'Πουλόπουλος', 'M', '1980-01-02', 'Πανεπιστήμιο Κρήτης', '2003-07-29');
insert into researcher (researcher_name, researcher_surname, gender, date_of_birth, org_name, contract_date) values ('Αθανάσιος', 'Ιωάννου', 'M', '1989-09-14', 'Εθνικό Αστεροσκοπείο Αθηνών', '2017-01-19');
insert into researcher (researcher_name, researcher_surname, gender, date_of_birth, org_name, contract_date) values ('Περικλής', 'Δασκαλάκης', 'M', '1985-08-16', 'Πανεπιστήμιο Δυτικής Αττικής', '2015-06-18');
insert into researcher (researcher_name, researcher_surname, gender, date_of_birth, org_name, contract_date) values ('Σωκράτης', 'Σαμαράκης', 'M', '1968-08-20', 'Πανεπιστήμιο Κρήτης', '1998-01-04');
insert into researcher (researcher_name, researcher_surname, gender, date_of_birth, org_name, contract_date) values ('Συμεών', 'Δημητριάδης', 'M', '1966-10-27', 'Εθνικό Μετσόβιο Πολυτεχνείο', '2012-07-15');
insert into researcher (researcher_name, researcher_surname, gender, date_of_birth, org_name, contract_date) values ('Γιάνης', 'Δασκαλάκης', 'M', '1978-11-16', 'Εθνικό Αστεροσκοπείο Αθηνών', '2002-07-26');
insert into researcher (researcher_name, researcher_surname, gender, date_of_birth, org_name, contract_date) values ('Περικλής', 'Ξενίκας', 'M', '1962-02-11', 'Πανεπιστήμιο Δυτικής Αττικής', '2006-10-23');
insert into researcher (researcher_name, researcher_surname, gender, date_of_birth, org_name, contract_date) values ('Κιαμάλ', 'Σιώντης', 'M', '1990-12-29', 'Εθνικό Μετσόβιο Πολυτεχνείο', '2009-10-03');
insert into researcher (researcher_name, researcher_surname, gender, date_of_birth, org_name, contract_date) values ('Αναστάσιος', 'Ψάλτης', 'M', '1968-07-03', 'Δημόκριτος', '1999-08-11');
insert into researcher (researcher_name, researcher_surname, gender, date_of_birth, org_name, contract_date) values ('Γεώργιος', 'Δημητριάδης', 'M', '1997-01-19', 'Ιόνιο Πανεπιστήμιο', '2018-02-13');
insert into researcher (researcher_name, researcher_surname, gender, date_of_birth, org_name, contract_date) values ('Κιαμάλ', 'Παπαπάσχου', 'M', '1993-01-10', 'Εθνικό Αστεροσκοπείο Αθηνών', '2013-08-15');
insert into researcher (researcher_name, researcher_surname, gender, date_of_birth, org_name, contract_date) values ('Αναστάσιος', 'Δασκαλάκης', 'M', '1956-11-11', 'Διεθνές Πανεπιστήμιο Ελλάδος', '2002-12-30');
insert into researcher (researcher_name, researcher_surname, gender, date_of_birth, org_name, contract_date) values ('Νέστωρ', 'Ζαχαριάς', 'M', '1975-08-19', 'Αριστοτέλειο Πανεπιστήμιο Θεσσαλονίκης', '1996-04-10');
insert into researcher (researcher_name, researcher_surname, gender, date_of_birth, org_name, contract_date) values ('Παντελεήμων', 'Παπαδόπουλος', 'M', '1985-03-11', 'Πανεπιστήμιο Κρήτης', '2009-01-27');
insert into researcher (researcher_name, researcher_surname, gender, date_of_birth, org_name, contract_date) values ('Μιχαήλ', 'Κοτζιάς', 'M', '1970-12-18', 'Δημοκρίτειο Πανεπιστήμιο Θράκης', '2008-09-07');
insert into researcher (researcher_name, researcher_surname, gender, date_of_birth, org_name, contract_date) values ('Συμεών', 'Δασκαλάκης', 'M', '1977-01-02', 'Πανεπιστήμιο Κρήτης', '1997-08-27');
insert into researcher (researcher_name, researcher_surname, gender, date_of_birth, org_name, contract_date) values ('Νικόλαος', 'Παπαγεωργίου', 'M', '1989-05-18', 'Δημοκρίτειο Πανεπιστήμιο Θράκης', '2014-02-27');
insert into researcher (researcher_name, researcher_surname, gender, date_of_birth, org_name, contract_date) values ('Μάριος', 'Ιωαννίδης', 'M', '1959-05-13', 'Διεθνές Πανεπιστήμιο Ελλάδος', '2017-04-24');
insert into researcher (researcher_name, researcher_surname, gender, date_of_birth, org_name, contract_date) values ('Κρίτων', 'Σπυρόπουλος', 'M', '1956-02-27', 'Διεθνές Πανεπιστήμιο Ελλάδος', '2018-11-03');
insert into researcher (researcher_name, researcher_surname, gender, date_of_birth, org_name, contract_date) values ('Μάξιμος', 'Ιωάννου', 'M', '1964-08-23', 'Πανεπιστήμιο Κρήτης', '1995-10-03');
insert into researcher (researcher_name, researcher_surname, gender, date_of_birth, org_name, contract_date) values ('Ιορδάνης', 'Αποστολίδης', 'M', '1973-12-07', 'Δημοκρίτειο Πανεπιστήμιο Θράκης', '1999-09-27');
insert into researcher (researcher_name, researcher_surname, gender, date_of_birth, org_name, contract_date) values ('Ιγνάτιος', 'Δημητριάδης', 'M', '1988-03-20', 'Ιόνιο Πανεπιστήμιο', '2012-01-22');
insert into researcher (researcher_name, researcher_surname, gender, date_of_birth, org_name, contract_date) values ('Παντελεήμων', 'Κοτζιάς', 'M', '1968-02-06', 'Δημοκρίτειο Πανεπιστήμιο Θράκης', '2002-04-09');
insert into researcher (researcher_name, researcher_surname, gender, date_of_birth, org_name, contract_date) values ('Ιορδάνης', 'Αλταντζής', 'M', '1965-08-21', 'Δημοκρίτειο Πανεπιστήμιο Θράκης', '2007-12-26');
insert into researcher (researcher_name, researcher_surname, gender, date_of_birth, org_name, contract_date) values ('Παντελεήμων', 'Τάχιας', 'M', '1987-08-14', 'Ιόνιο Πανεπιστήμιο', '2019-04-16');
insert into researcher (researcher_name, researcher_surname, gender, date_of_birth, org_name, contract_date) values ('Ηρακλής', 'Παπακώστας', 'M', '1981-12-28', 'Ιόνιο Πανεπιστήμιο', '2014-07-18');
insert into researcher (researcher_name, researcher_surname, gender, date_of_birth, org_name, contract_date) values ('Βασίλειος', 'Καραϊσκάκης', 'M', '1959-08-18', 'Δημόκριτος', '2020-12-03');
insert into researcher (researcher_name, researcher_surname, gender, date_of_birth, org_name, contract_date) values ('Απόστολος', 'Καραϊσκάκης', 'M', '1981-06-05', 'Πανεπιστήμιο Κρήτης', '2017-10-19');
insert into researcher (researcher_name, researcher_surname, gender, date_of_birth, org_name, contract_date) values ('Συμεών', 'Αργυρίου', 'M', '1969-11-09', 'Εθνικό Αστεροσκοπείο Αθηνών', '2011-07-01');
insert into researcher (researcher_name, researcher_surname, gender, date_of_birth, org_name, contract_date) values ('Μιλτιάδης', 'Κάλλος', 'M', '1972-07-11', 'Ιόνιο Πανεπιστήμιο', '2021-07-24');
insert into researcher (researcher_name, researcher_surname, gender, date_of_birth, org_name, contract_date) values ('Μάξιμος', 'Πέτρου', 'M', '1968-11-16', 'Πανεπιστήμιο Κρήτης', '2019-05-24');
insert into researcher (researcher_name, researcher_surname, gender, date_of_birth, org_name, contract_date) values ('Σωτήριος', 'Τάχιας', 'M', '1985-07-05', 'Ιόνιο Πανεπιστήμιο', '2014-06-09 ');
insert into researcher (researcher_name, researcher_surname, gender, date_of_birth, org_name, contract_date) values ('Παντελεήμων', 'Μακάριος', 'M', '1959-01-03', 'Δημοκρίτειο Πανεπιστήμιο Θράκης', '2010-02-25');
insert into researcher (researcher_name, researcher_surname, gender, date_of_birth, org_name, contract_date) values ('Παναγιώτης', 'Αποστολίδης', 'M', '1978-02-14', 'Δημόκριτος', '2012-12-12');
insert into researcher (researcher_name, researcher_surname, gender, date_of_birth, org_name, contract_date) values ('Άγγελος', 'Δημητρίου', 'M', '1991-08-09', 'Πανεπιστήμιο Κρήτης', '2012-06-16');
insert into researcher (researcher_name, researcher_surname, gender, date_of_birth, org_name, contract_date) values ('Κιαμάλ', 'Παππάς', 'M', '1984-12-11', 'Πανεπιστήμιο Δυτικής Αττικής', '2018-09-02');
insert into researcher (researcher_name, researcher_surname, gender, date_of_birth, org_name, contract_date) values ('Σωτήριος', 'Γεωργιάδης', 'M', '1993-11-02', 'Πανεπιστήμιο Κρήτης', '2018-02-17');
insert into researcher (researcher_name, researcher_surname, gender, date_of_birth, org_name, contract_date) values ('Παντελεήμων', 'Γαϊτανίδης', 'M', '1981-06-14', 'Δημοκρίτειο Πανεπιστήμιο Θράκης', '2010-11-16');
insert into researcher (researcher_name, researcher_surname, gender, date_of_birth, org_name, contract_date) values ('Συμεών', 'Δημητρίου', 'M', '1956-07-06', 'Ιόνιο Πανεπιστήμιο', '2006-10-01');
insert into researcher (researcher_name, researcher_surname, gender, date_of_birth, org_name, contract_date) values ('Περικλής', 'Χαριστέας', 'M', '1982-05-06', 'Εθνικό Αστεροσκοπείο Αθηνών', '2020-11-30');
insert into researcher (researcher_name, researcher_surname, gender, date_of_birth, org_name, contract_date) values ('Κρίτων', 'Παπακώστας', 'M', '1966-06-25', 'Πανεπιστήμιο Κρήτης', '2007-03-04');
insert into researcher (researcher_name, researcher_surname, gender, date_of_birth, org_name, contract_date) values ('Νέστωρ', 'Κάλλος', 'M', '1975-09-24', 'Εθνικό Αστεροσκοπείο Αθηνών', '2006-02-04');
insert into researcher (researcher_name, researcher_surname, gender, date_of_birth, org_name, contract_date) values ('Νικόλαος', 'Ιωάννου', 'M', '1959-12-13', 'Εθνικό Αστεροσκοπείο Αθηνών', '2005-03-22');
insert into researcher (researcher_name, researcher_surname, gender, date_of_birth, org_name, contract_date) values ('Σωκράτης', 'Αναστασιάδης', 'M', '1970-04-16', 'Ιόνιο Πανεπιστήμιο', '1996-02-05');
insert into researcher (researcher_name, researcher_surname, gender, date_of_birth, org_name, contract_date) values ('Περικλής', 'Πέτρου', 'M', '1974-11-07', 'Εθνικό Αστεροσκοπείο Αθηνών', '1999-06-16');
insert into researcher (researcher_name, researcher_surname, gender, date_of_birth, org_name, contract_date) values ('Ιάκωβος', 'Γεωργάκης', 'M', '1997-11-18', 'Ιόνιο Πανεπιστήμιο', '2019-02-25');
insert into researcher (researcher_name, researcher_surname, gender, date_of_birth, org_name, contract_date) values ('Αναστάσιος', 'Κοτζιάς', 'M', '1969-04-19', 'Ιόνιο Πανεπιστήμιο', '2006-09-16 ');
insert into researcher (researcher_name, researcher_surname, gender, date_of_birth, org_name, contract_date) values ('Αλέξανδρος', 'Ντόκος', 'M', '1999-09-30', 'Ιόνιο Πανεπιστήμιο', '2021-12-16');
insert into researcher (researcher_name, researcher_surname, gender, date_of_birth, org_name, contract_date) values ('Θεόδωρος', 'Σιώζος', 'M', '1965-12-15', 'Πανεπιστήμιο Δυτικής Αττικής', '2015-05-10');
insert into researcher (researcher_name, researcher_surname, gender, date_of_birth, org_name, contract_date) values ('Κωνσταντίνος', 'Μακάριος', 'M', '1969-08-11', 'Δημοκρίτειο Πανεπιστήμιο Θράκης', '2010-11-05');
insert into researcher (researcher_name, researcher_surname, gender, date_of_birth, org_name, contract_date) values ('Σωτήριος', 'Πέτρου', 'M', '1964-10-25', 'Διεθνές Πανεπιστήμιο Ελλάδος', '2005-04-18');
insert into researcher (researcher_name, researcher_surname, gender, date_of_birth, org_name, contract_date) values ('Θεόδωρος', 'Ντόκος', 'M', '1995-08-24', 'Δημοκρίτειο Πανεπιστήμιο Θράκης', '2015-01-13');
insert into researcher (researcher_name, researcher_surname, gender, date_of_birth, org_name, contract_date) values ('Σωτήριος', 'Σπύρου', 'M', '1988-08-04', 'Διεθνές Πανεπιστήμιο Ελλάδος', '2018-08-03');
insert into researcher (researcher_name, researcher_surname, gender, date_of_birth, org_name, contract_date) values ('Ηρακλής', 'Παπαδόπουλος', 'M', '1969-02-01', 'Δημόκριτος', '2015-01-16');
insert into researcher (researcher_name, researcher_surname, gender, date_of_birth, org_name, contract_date) values ('Ιορδάνης', 'Γεωργάκης', 'M', '1971-04-25', 'Διεθνές Πανεπιστήμιο Ελλάδος', '2001-09-24');
insert into researcher (researcher_name, researcher_surname, gender, date_of_birth, org_name, contract_date) values ('Ιωάννης', 'Μπρέστης', 'M', '1978-11-22', 'Πανεπιστήμιο Κρήτης', '2014-05-11');
insert into researcher (researcher_name, researcher_surname, gender, date_of_birth, org_name, contract_date) values ('Ιωάννης', 'Σπύρου', 'M', '1967-12-31', 'Δημόκριτος', '1997-09-26');
insert into researcher (researcher_name, researcher_surname, gender, date_of_birth, org_name, contract_date) values ('Μιλτιάδης', 'Δημητριάδης', 'M', '1987-05-04', 'Εθνικό Αστεροσκοπείο Αθηνών', '2011-08-11');
insert into researcher (researcher_name, researcher_surname, gender, date_of_birth, org_name, contract_date) values ('Σοφία', 'Σπύρου', 'F', '1977-07-04', 'Διεθνές Πανεπιστήμιο Ελλάδος', '1999-01-09');
insert into researcher (researcher_name, researcher_surname, gender, date_of_birth, org_name, contract_date) values ('Λαμπρινή', 'Παπακώστα', 'F', '1970-08-03', 'Πανεπιστήμιο Κρήτης', '2017-07-03');
insert into researcher (researcher_name, researcher_surname, gender, date_of_birth, org_name, contract_date) values ('Σοφία', 'Κάλλου', 'F', '1967-11-29', 'Διεθνές Πανεπιστήμιο Ελλάδος', '2002-03-18');
insert into researcher (researcher_name, researcher_surname, gender, date_of_birth, org_name, contract_date) values ('Βασιλική', 'Τάχια', 'F', '1972-08-22', 'Δημοκρίτειο Πανεπιστήμιο Θράκης', '2014-01-01');
insert into researcher (researcher_name, researcher_surname, gender, date_of_birth, org_name, contract_date) values ('Ελένη', 'Παπαπάσχου', 'F', '1976-08-30', 'Δημόκριτος', '2002-12-20');
insert into researcher (researcher_name, researcher_surname, gender, date_of_birth, org_name, contract_date) values ('Μιχαέλα', 'Ιωάννου', 'F', '1973-04-03', 'Ιόνιο Πανεπιστήμιο', '1999-06-21');
insert into researcher (researcher_name, researcher_surname, gender, date_of_birth, org_name, contract_date) values ('Κάμαλα', 'Σπύρου', 'F', '1976-02-23', 'Ιόνιο Πανεπιστήμιο', '2002-05-28');
insert into researcher (researcher_name, researcher_surname, gender, date_of_birth, org_name, contract_date) values ('Βασιλική', 'Σαμαράκη', 'F', '1962-10-09', 'Ιόνιο Πανεπιστήμιο', '2011-12-16');
insert into researcher (researcher_name, researcher_surname, gender, date_of_birth, org_name, contract_date) values ('Μαρία', 'Πασχαλίδη', 'F', '1982-06-18', 'Ιόνιο Πανεπιστήμιο', '2008-04-11');
insert into researcher (researcher_name, researcher_surname, gender, date_of_birth, org_name, contract_date) values ('Γεωργία', 'Γαϊτανίδη', 'F', '1966-03-18', 'Πανεπιστήμιο Κρήτης', '2021-09-10');
insert into researcher (researcher_name, researcher_surname, gender, date_of_birth, org_name, contract_date) values ('Χλόη', 'Γεωργάκη', 'F', '1958-03-05', 'Δημοκρίτειο Πανεπιστήμιο Θράκης', '2019-12-25');
insert into researcher (researcher_name, researcher_surname, gender, date_of_birth, org_name, contract_date) values ('Ιγνατία', 'Παπαγιάννη', 'F', '1992-05-03', 'Δημόκριτος', '2017-08-30');
insert into researcher (researcher_name, researcher_surname, gender, date_of_birth, org_name, contract_date) values ('Σωτηρία', 'Αναστασίου', 'F', '1963-07-03', 'Ιόνιο Πανεπιστήμιο', '1996-11-21');
insert into researcher (researcher_name, researcher_surname, gender, date_of_birth, org_name, contract_date) values ('Αγγελική', 'Ιωάννου', 'F', '1966-05-24', 'Διεθνές Πανεπιστήμιο Ελλάδος', '2015-03-07');
insert into researcher (researcher_name, researcher_surname, gender, date_of_birth, org_name, contract_date) values ('Ελευθερία', 'Σπύρου', 'F', '1973-10-18', 'Δημόκριτος', '2012-08-22');
insert into researcher (researcher_name, researcher_surname, gender, date_of_birth, org_name, contract_date) values ('Σταυρούλα', 'Σιώντη', 'F', '1974-12-24', 'Πανεπιστήμιο Δυτικής Αττικής', '2007-08-05');
insert into researcher (researcher_name, researcher_surname, gender, date_of_birth, org_name, contract_date) values ('Ελευθερία', 'Ιωάννου', 'F', '1963-07-13', 'Ιόνιο Πανεπιστήμιο', '2019-02-06');
insert into researcher (researcher_name, researcher_surname, gender, date_of_birth, org_name, contract_date) values ('Στεφανία', 'Καραϊσκάκη', 'F', '1993-10-23', 'Δημόκριτος', '2015-10-26');
insert into researcher (researcher_name, researcher_surname, gender, date_of_birth, org_name, contract_date) values ('Ελένη', 'Ψάλτη', 'F', '1957-05-21', 'Ιόνιο Πανεπιστήμιο', '1996-10-18');
insert into researcher (researcher_name, researcher_surname, gender, date_of_birth, org_name, contract_date) values ('Σταυρούλα', 'Θώμου', 'F', '1978-08-20', 'Διεθνές Πανεπιστήμιο Ελλάδος', '2011-03-31');
insert into researcher (researcher_name, researcher_surname, gender, date_of_birth, org_name, contract_date) values ('Κωνσταντίνα', 'Ντόκου', 'F', '1979-11-19', 'Δημόκριτος', '2013-08-16');
insert into researcher (researcher_name, researcher_surname, gender, date_of_birth, org_name, contract_date) values ('Σοφία', 'Πουλόπουλου', 'F', '1996-02-04', 'Εθνικό Αστεροσκοπείο Αθηνών', '2021-06-06');
insert into researcher (researcher_name, researcher_surname, gender, date_of_birth, org_name, contract_date) values ('Ελένη', 'Θώμου', 'F', '1966-10-02', 'Δημόκριτος', '2010-12-31');
insert into researcher (researcher_name, researcher_surname, gender, date_of_birth, org_name, contract_date) values ('Βασιλική', 'Πετράκη', 'F', '1995-09-02', 'Ιόνιο Πανεπιστήμιο', '2015-04-01');
insert into researcher (researcher_name, researcher_surname, gender, date_of_birth, org_name, contract_date) values ('Αγγελική', 'Παπαγεωργίου', 'F', '1996-04-26', 'Εθνικό Αστεροσκοπείο Αθηνών', '2017-12-01');
insert into researcher (researcher_name, researcher_surname, gender, date_of_birth, org_name, contract_date) values ('Κωνσταντίνα', 'Παπαπάσχου', 'F', '1978-12-02', 'Πανεπιστήμιο Δυτικής Αττικής', '2009-06-16');
insert into researcher (researcher_name, researcher_surname, gender, date_of_birth, org_name, contract_date) values ('Αθανασία', 'Αλταντζή', 'F', '1998-01-01', 'Εθνικό Αστεροσκοπείο Αθηνών', '2020-04-29');
insert into researcher (researcher_name, researcher_surname, gender, date_of_birth, org_name, contract_date) values ('Σπυριδούλα', 'Γαϊτανίδη', 'F', '1993-10-31', 'Εθνικό Αστεροσκοπείο Αθηνών', '2014-06-08');
insert into researcher (researcher_name, researcher_surname, gender, date_of_birth, org_name, contract_date) values ('Παναγιώτα', 'Παπακώστα', 'F', '1996-03-22', 'Διεθνές Πανεπιστήμιο Ελλάδος', '2018-04-19');
insert into researcher (researcher_name, researcher_surname, gender, date_of_birth, org_name, contract_date) values ('Αγγελική', 'Αναστασίου', 'F', '1974-05-15', 'Πανεπιστήμιο Κρήτης', '2018-02-27');
insert into researcher (researcher_name, researcher_surname, gender, date_of_birth, org_name, contract_date) values ('Μιχαέλα', 'Σπυρόπουλου', 'F', '1970-05-19', 'Διεθνές Πανεπιστήμιο Ελλάδος', '2014-01-26');
insert into researcher (researcher_name, researcher_surname, gender, date_of_birth, org_name, contract_date) values ('Σπυριδούλα', 'Θώμου', 'F', '1973-04-17', 'Διεθνές Πανεπιστήμιο Ελλάδος', '1996-01-16');
insert into researcher (researcher_name, researcher_surname, gender, date_of_birth, org_name, contract_date) values ('Σταυρούλα', 'Παπακώστα', 'F', '1966-06-20', 'Δημοκρίτειο Πανεπιστήμιο Θράκης', '1999-07-30');
insert into researcher (researcher_name, researcher_surname, gender, date_of_birth, org_name, contract_date) values ('Ηλιάνα', 'Αναστασιάδη', 'F', '1994-07-19', 'Ιόνιο Πανεπιστήμιο', '2016-12-09');
insert into researcher (researcher_name, researcher_surname, gender, date_of_birth, org_name, contract_date) values ('Βασιλική', 'Φράγκου', 'F', '1980-04-28', 'Ιόνιο Πανεπιστήμιο', '2004-07-18');
insert into researcher (researcher_name, researcher_surname, gender, date_of_birth, org_name, contract_date) values ('Χλόη', 'Μπλιώνα', 'F', '1980-08-09', 'Δημόκριτος', '2017-05-18');
insert into researcher (researcher_name, researcher_surname, gender, date_of_birth, org_name, contract_date) values ('Λαμπρινή', 'Γαϊτανίδη', 'F', '1987-02-16', 'Δημοκρίτειο Πανεπιστήμιο Θράκης', '2010-06-28');
insert into researcher (researcher_name, researcher_surname, gender, date_of_birth, org_name, contract_date) values ('Θεοδώρα', 'Κοτζιά', 'F', '1986-05-25', 'Πανεπιστήμιο Κρήτης', '2007-03-27');
insert into researcher (researcher_name, researcher_surname, gender, date_of_birth, org_name, contract_date) values ('Στεφανία', 'Τσουκαλά', 'F', '1971-06-01', 'Δημοκρίτειο Πανεπιστήμιο Θράκης', '2019-12-19');
insert into researcher (researcher_name, researcher_surname, gender, date_of_birth, org_name, contract_date) values ('Ιγνατία', 'Γεωργάκη', 'F', '1978-10-12', 'Πανεπιστήμιο Κρήτης', '2021-12-06');
insert into researcher (researcher_name, researcher_surname, gender, date_of_birth, org_name, contract_date) values ('Σπυριδούλα', 'Δασκαλάκη', 'F', '1991-02-20', 'Δημόκριτος', '2013-07-17');
insert into researcher (researcher_name, researcher_surname, gender, date_of_birth, org_name, contract_date) values ('Ραφαέλα', 'Μπλιώνα', 'F', '1971-12-27', 'Δημοκρίτειο Πανεπιστήμιο Θράκης', '2018-08-08');
insert into researcher (researcher_name, researcher_surname, gender, date_of_birth, org_name, contract_date) values ('Βασιλική', 'Τσουκαλά', 'F', '1961-07-28', 'Εθνικό Αστεροσκοπείο Αθηνών', '2019-01-01');
insert into researcher (researcher_name, researcher_surname, gender, date_of_birth, org_name, contract_date) values ('Αγγελική', 'Φιλίππου', 'F', '1969-04-16', 'Ιόνιο Πανεπιστήμιο', '2004-11-12');
insert into researcher (researcher_name, researcher_surname, gender, date_of_birth, org_name, contract_date) values ('Κάμαλα', 'Πετράκη', 'F', '1965-03-21', 'Πανεπιστήμιο Δυτικής Αττικής', '1995-08-07');
insert into researcher (researcher_name, researcher_surname, gender, date_of_birth, org_name, contract_date) values ('Κάμαλα', 'Παππά', 'F', '1976-11-25', 'Πανεπιστήμιο Κρήτης', '2008-07-21');
insert into researcher (researcher_name, researcher_surname, gender, date_of_birth, org_name, contract_date) values ('Ελευθερία', 'Παπαπάσχου', 'F', '1979-06-24', 'Εθνικό Αστεροσκοπείο Αθηνών', '2012-01-21');
insert into researcher (researcher_name, researcher_surname, gender, date_of_birth, org_name, contract_date) values ('Αλεξάνδρα', 'Παπακώστα', 'F', '1988-02-17', 'Πανεπιστήμιο Κρήτης', '2008-06-02');
insert into researcher (researcher_name, researcher_surname, gender, date_of_birth, org_name, contract_date) values ('Λαμπρινή', 'Χαριστέα', 'F', '1992-08-18', 'Διεθνές Πανεπιστήμιο Ελλάδος', '2014-06-24');
insert into researcher (researcher_name, researcher_surname, gender, date_of_birth, org_name, contract_date) values ('Μαρία', 'Γαϊτανίδη', 'F', '1962-06-26', 'Ιόνιο Πανεπιστήμιο', '1995-05-11');
insert into researcher (researcher_name, researcher_surname, gender, date_of_birth, org_name, contract_date) values ('Βασίλειος', 'Σιώντης', 'M', '1964-03-26', 'Δωδώνη', '1995-05-11');
insert into researcher (researcher_name, researcher_surname, gender, date_of_birth, org_name, contract_date) values ('Βασιλική', 'Αντωνίου', 'F', '1974-03-21', 'Ελληνικά Πετρέλαια', '2007-05-22');
insert into researcher (researcher_name, researcher_surname, gender, date_of_birth, org_name, contract_date) values ('Δήμητρα', 'Αντωνιάδου', 'F', '1969-11-01', 'Ινστιτούτο Παστέρ', '2017-12-12');
insert into researcher (researcher_name, researcher_surname, gender, date_of_birth, org_name, contract_date) values ('Γεώργιος', 'Βασιλείου', 'M', '1977-01-01', 'Πανεπιστήμιο Δυτικής Μακεδονίας', '2007-11-25');
insert into researcher (researcher_name, researcher_surname, gender, date_of_birth, org_name, contract_date) values ('Ιωάννης', 'Καραγιάννης', 'M', '1985-03-31', 'Ελληνικό Κέντρο Θαλασσίων Ερευνών', '2019-06-17');
insert into researcher (researcher_name, researcher_surname, gender, date_of_birth, org_name, contract_date) values ('Γεώργιος', 'Καραγκούνης', 'M', '1980-04-24', 'COSMOTE', '2014-06-30');
insert into researcher (researcher_name, researcher_surname, gender, date_of_birth, org_name, contract_date) values ('Μιχαήλ', 'Μητσιώνης', 'M', '1971-03-13', 'Ναυπηγεία Ελευσίνας', '2017-05-31');
insert into researcher (researcher_name, researcher_surname, gender, date_of_birth, org_name, contract_date) values ('Νεκτάριος', 'Τσιρώνης', 'M', '1980-03-21', 'Εθνικό Δίκτυο Έρευνας και Τεχνολογίας', '2018-09-11');
insert into researcher (researcher_name, researcher_surname, gender, date_of_birth, org_name, contract_date) values ('Δαμιανός', 'Δημητρίου', 'M', '1974-03-01', 'ΤΙΤΑΝ', '2009-06-06');
insert into researcher (researcher_name, researcher_surname, gender, date_of_birth, org_name, contract_date) values ('Δήμητρα', 'Αλεξίου', 'F', '1977-07-23', 'Olympia Electronics', '2017-01-12');
insert into researcher (researcher_name, researcher_surname, gender, date_of_birth, org_name, contract_date) values ('Αλέξιος', 'Αντωνίου', 'M', '1971-02-01', 'Πανεπιστήμιο Θεσσαλίας', '2017-02-22');
insert into researcher (researcher_name, researcher_surname, gender, date_of_birth, org_name, contract_date) values ('Αθανάσιος', 'Καπετανάκης', 'M', '1972-04-11', 'ΕΛΒΑΛΧΑΛΚΟΡ', '2004-08-31');
insert into researcher (researcher_name, researcher_surname, gender, date_of_birth, org_name, contract_date) values ('Αλέξανδρος', 'Χατζηπέτρου', 'M', '1990-01-01', 'Πανεπιστήμιο Πατρών', '2017-03-14');
insert into researcher (researcher_name, researcher_surname, gender, date_of_birth, org_name, contract_date) values ('Πέτρος', 'Παναγιώτου', 'M', '1986-06-21', 'Ελληνική Βιομηχανία Οχημάτων', '2012-05-24');
insert into researcher (researcher_name, researcher_surname, gender, date_of_birth, org_name, contract_date) values ('Αθηνά', 'Παπαπέτρου', 'F', '1974-03-21', 'Πανεπιστήμιο Αιγαίου', '2011-03-20');
insert into researcher (researcher_name, researcher_surname, gender, date_of_birth, org_name, contract_date) values ('Ηρακλής', 'Παπαδόπουλος', 'M', '1961-01-31', 'Οικονομικό Πανεπιστήμιο Αθηνών', '2001-05-12');
insert into researcher (researcher_name, researcher_surname, gender, date_of_birth, org_name, contract_date) values ('Βασίλειος', 'Αντωνιάδης', 'M', '1969-07-29', 'Motor Oil', '2014-10-09');
insert into researcher (researcher_name, researcher_surname, gender, date_of_birth, org_name, contract_date) values ('Παρασκευή', 'Σταύρου', 'F', '1995-11-03', 'PFIZER Ελλάδος', '2020-12-17');
insert into researcher (researcher_name, researcher_surname, gender, date_of_birth, org_name, contract_date) values ('Δημήτριος', 'Παπανδρέου', 'M', '1981-11-29', 'Vodafone', '2011-10-14');

insert into corporation (org_name, private_funds) values ('COSMOTE', 21992038.71);
insert into corporation (org_name, private_funds) values ('Motor Oil', 99344738.26);
insert into corporation (org_name, private_funds) values ('Ελληνικά Πετρέλαια', 90215124.24);
insert into corporation (org_name, private_funds) values ('Vodafone', 10146721.13);
insert into corporation (org_name, private_funds) values ('Δωδώνη', 8184636.89);
insert into corporation (org_name, private_funds) values ('Olympia Electronics', 5231309.52);
insert into corporation (org_name, private_funds) values ('ΕΛΒΑΛΧΑΛΚΟΡ', 12124524.4);
insert into corporation (org_name, private_funds) values ('PFIZER Ελλάδος', 20256633.55);
insert into corporation (org_name, private_funds) values ('Ανεξάρτητος Διαχειριστής Μεταφοράς Ηλεκτρικής Ενέργειας', 50313506.18);
insert into corporation (org_name, private_funds) values ('ΤΙΤΑΝ', 50219381.93);
insert into corporation (org_name, private_funds) values ('Ναυπηγεία Ελευσίνας', 12144769.74);
insert into corporation (org_name, private_funds) values ('Ελληνική Βιομηχανία Οχημάτων', 15332310.0);

insert into university (org_name, public_funds) values ('Εθνικό Μετσόβιο Πολυτεχνείο', 21282247.5);
insert into university (org_name, public_funds) values ('Αριστοτέλειο Πανεπιστήμιο Θεσσαλονίκης', 2070072.14);
insert into university (org_name, public_funds) values ('Πανεπιστήμιο Ιωαννίνων', 9131104.79);
insert into university (org_name, public_funds) values ('Πολυτεχνείο Κρήτης', 5342033.99);
insert into university (org_name, public_funds) values ('Δημοκρίτειο Πανεπιστήμιο Θράκης', 6304412.08);
insert into university (org_name, public_funds) values ('Πανεπιστήμιο Πατρών', 9140924.23);
insert into university (org_name, public_funds) values ('Πανεπιστήμιο Δυτικής Αττικής', 10321381.29);
insert into university (org_name, public_funds) values ('Πανεπιστήμιο Θεσσαλίας', 8565018.15);
insert into university (org_name, public_funds) values ('Ιόνιο Πανεπιστήμιο', 1708561.24);
insert into university (org_name, public_funds) values ('Πανεπιστήμιο Κρήτης', 17181502.3);
insert into university (org_name, public_funds) values ('Διεθνές Πανεπιστήμιο Ελλάδος', 9086406.01);
insert into university (org_name, public_funds) values ('Πανεπιστήμιο Δυτικής Μακεδονίας', 8062369.68);
insert into university (org_name, public_funds) values ('Πανεπιστήμιο Αιγαίου', 6708908.55);
insert into university (org_name, public_funds) values ('Οικονομικό Πανεπιστήμιο Αθηνών', 10830896.34);

insert into research_center (org_name, private_funds, public_funds) values ('Δημόκριτος', 5143383.93, 5298437.0);
insert into research_center (org_name, private_funds, public_funds) values ('Εθνικό Αστεροσκοπείο Αθηνών', 386079.59, 590027.33);
insert into research_center (org_name, private_funds, public_funds) values ('Εθνικό Δίκτυο Έρευνας και Τεχνολογίας', 4268032.24, 2151892.0);
insert into research_center (org_name, private_funds, public_funds) values ('Ίδρυμα Τεχνολογίας και Έρευνας', 6127069.42, 1187291.57);
insert into research_center (org_name, private_funds, public_funds) values ('Ινστιτούτο Παστέρ', 12317078.13, 1333078.34);
insert into research_center (org_name, private_funds, public_funds) values ('Ελληνικό Κέντρο Θαλασσίων Ερευνών', 1253078.13, 13345678.34);

insert into scientific_field (sf_subject) values ('Φυσική');
insert into scientific_field (sf_subject) values ('Εφαρμοσμένα Μαθηματικά');
insert into scientific_field (sf_subject) values ('Βιολογία');
insert into scientific_field (sf_subject) values ('Φαρμακευτική');
insert into scientific_field (sf_subject) values ('Υλικά');
insert into scientific_field (sf_subject) values ('Ενέργεια');
insert into scientific_field (sf_subject) values ('Μετεωρολογία');
insert into scientific_field (sf_subject) values ('Γεωλογία');
insert into scientific_field (sf_subject) values ('Τηλεπικοινωνίες');
insert into scientific_field (sf_subject) values ('Τεχνητή Νοημοσύνη');
insert into scientific_field (sf_subject) values ('Επιστήμη Δεδομένων');
insert into scientific_field (sf_subject) values ('Χρηματοοικονομικά');
insert into scientific_field (sf_subject) values ('Διοίκηση Επιχειρήσεων');
insert into scientific_field (sf_subject) values ('Μάρκετινγκ');
insert into scientific_field (sf_subject) values ('Γεωπονία');
insert into scientific_field (sf_subject) values ('Γεωπληροφορική');
insert into scientific_field (sf_subject) values ('Αεροναυπηγική');
insert into scientific_field (sf_subject) values ('Αστρονομία');
insert into scientific_field (sf_subject) values ('Βιοπληροφορική');
insert into scientific_field (sf_subject) values ('Ρευστομηχανική');
insert into scientific_field (sf_subject) values ('Ωκεανογραφία');
insert into scientific_field (sf_subject) values ('Γενετική');
insert into scientific_field (sf_subject) values ('Τεχνολογία Τροφίφων');
insert into scientific_field (sf_subject) values ('Logistics');

insert into manager (manager_name, manager_surname) values ('Βασιλική', 'Τάτση');
insert into manager (manager_name, manager_surname) values ('Σταυρούλα', 'Μακαρίου');
insert into manager (manager_name, manager_surname) values ('Ελένη', 'Πέτρου');
insert into manager (manager_name, manager_surname) values ('Σωτηρία', 'Ιωάννου');
insert into manager (manager_name, manager_surname) values ('Βασιλική', 'Δημητρίου');
insert into manager (manager_name, manager_surname) values ('Ιφιγένεια', 'Γαϊτανίδη');
insert into manager (manager_name, manager_surname) values ('Λαμπρινή', 'Παπαπάσχου');
insert into manager (manager_name, manager_surname) values ('Μαρία', 'Γεωργάκη');
insert into manager (manager_name, manager_surname) values ('Κωνσταντίνα', 'Θώμου');
insert into manager (manager_name, manager_surname) values ('Αντιγόνη', 'Ξενίκα');
insert into manager (manager_name, manager_surname) values ('Δημήτριος', 'Πάσχος');
insert into manager (manager_name, manager_surname) values ('Περικλής', 'Παππάς');
insert into manager (manager_name, manager_surname) values ('Αναστάσιος', 'Καραϊσκάκης');
insert into manager (manager_name, manager_surname) values ('Άγγελος', 'Δασκαλάκης');
insert into manager (manager_name, manager_surname) values ('Ηρακλής', 'Αποστολίδης');
insert into manager (manager_name, manager_surname) values ('Ηρακλής', 'Ντόκος');
insert into manager (manager_name, manager_surname) values ('Ηρακλής', 'Πετράκης');
insert into manager (manager_name, manager_surname) values ('Παναγιώτης', 'Πετράκης');
insert into manager (manager_name, manager_surname) values ('Παναγιώτης', 'Σαμαράκης');
insert into manager (manager_name, manager_surname) values ('Άγγελος', 'Χαριστέας');
insert into manager (manager_name, manager_surname) values ('Παναγιώτης', 'Παπαγεωργίου');
insert into manager (manager_name, manager_surname) values ('Περικλής', 'Αποστολίδης');
insert into manager (manager_name, manager_surname) values ('Περικλής', 'Παπαπάσχος');
insert into manager (manager_name, manager_surname) values ('Ηρακλής', 'Φράγκος');
insert into manager (manager_name, manager_surname) values ('Ηρακλής', 'Σαμαράκης');

insert into program (title, department) values ('Πρώτο', 'Δ/νση Διαχείρισης έργων Αγροδιατροφή και Βιομηχανία τροφίμων');
insert into program (title, department) values ('Δεύτερο', 'Διεύθυνση  Σχεδιασμού Δράσεων Καινοτομίας');
insert into program (title, department) values ('Τρίτο', 'Διεύθυνση  Σχεδιασμού Δράσεων Καινοτομίας');
insert into program (title, department) values ('Τέταρτο', 'Δ/νση Διαχείρισης έργων  Περιβάλλον και Βιώσιμη Ανάπτυξη');
insert into program (title, department) values ('Πέμπτο', 'Διεύθυνση   Διαχείρισης και Παρακολούθησης Προγραμμάτων');
insert into program (title, department) values ('Έκτο', 'Διεύθυνση Σχεδιασμού και Προγραμματισμού');
insert into program (title, department) values ('Έβδομο', 'Δ/νση Διαχείρισης έργων  Περιβάλλον και Βιώσιμη Ανάπτυξη');
insert into program (title, department) values ('Όγδοο', 'Διεύθυνση Σχεδιασμού και Προγραμματισμού');
insert into program (title, department) values ('Ένατο', 'Διεύθυνση   Διαχείρισης και Παρακολούθησης Προγραμμάτων');
insert into program (title, department) values ('Δέκατο', 'Διεύθυνση  Σχεδιασμού Δράσεων Καινοτομίας');
insert into program (title, department) values ('Ενδέκατο', 'Διεύθυνση   Διαχείρισης και Παρακολούθησης Προγραμμάτων');
insert into program (title, department) values ('Δωδέκατο', 'Δ/νση Διαχείρισης έργων  Περιβάλλον και Βιώσιμη Ανάπτυξη');
insert into program (title, department) values ('Δέκατο Τρίτο', 'Διεύθυνση   Διαχείρισης και Παρακολούθησης Προγραμμάτων');
insert into program (title, department) values ('Δέκατο Τέταρτο', 'Διεύθυνση  Σχεδιασμού Δράσεων Καινοτομίας');
insert into program (title, department) values ('Δέκατο Πέμπτο', 'Διεύθυνση Σχεδιασμού και Προγραμματισμού');
insert into program (title, department) values ('Δέκατο Έκτο', 'Δ/νση Διαχείρισης έργων  Περιβάλλον και Βιώσιμη Ανάπτυξη');
insert into program (title, department) values ('Δέκατο Έβδομο', 'Διεύθυνση   Διαχείρισης και Παρακολούθησης Προγραμμάτων');
insert into program (title, department) values ('Δέκατο Όγδοο', 'Διεύθυνση   Διαχείρισης και Παρακολούθησης Προγραμμάτων');
insert into program (title, department) values ('Δέκατο Ένατο', 'Διεύθυνση  Σχεδιασμού Δράσεων Καινοτομίας');
insert into program (title, department) values ('Εικοστό', 'Διεύθυνση   Διαχείρισης και Παρακολούθησης Προγραμμάτων');
insert into program (title, department) values ('Εικοστό Πρώτο', 'Διεύθυνση   Διαχείρισης και Παρακολούθησης Προγραμμάτων');
insert into program (title, department) values ('Εικοστό Δεύτερο', 'Δ/νση Διαχείρισης έργων Αγροδιατροφή και Βιομηχανία τροφίμων');
insert into program (title, department) values ('Εικοστό Τρίτο', 'Διεύθυνση   Διαχείρισης και Παρακολούθησης Προγραμμάτων');
insert into program (title, department) values ('Εικοστό Τέταρτο', 'Διεύθυνση Σχεδιασμού και Προγραμματισμού');
insert into program (title, department) values ('Εικοστό Πέμπτο', 'Διεύθυνση  Σχεδιασμού Δράσεων Καινοτομίας');
insert into program (title, department) values ('Εικοστό Έκτο', 'Δ/νση Διαχείρισης έργων Αγροδιατροφή και Βιομηχανία τροφίμων');
insert into program (title, department) values ('Εικοστό Έβδομο', 'Διεύθυνση   Διαχείρισης και Παρακολούθησης Προγραμμάτων');
insert into program (title, department) values ('Εικοστό Όγδοο', 'Διεύθυνση   Διαχείρισης και Παρακολούθησης Προγραμμάτων');
insert into program (title, department) values ('Εικοστό Ένατο', 'Δ/νση Διαχείρισης έργων  Περιβάλλον και Βιώσιμη Ανάπτυξη');
insert into program (title, department) values ('Τριακοστό', 'Δ/νση Διαχείρισης έργων  Περιβάλλον και Βιώσιμη Ανάπτυξη');
insert into program (title, department) values ('Τριακοστό Πρώτο', 'Διεύθυνση  Σχεδιασμού Δράσεων Καινοτομίας');
insert into program (title, department) values ('Τριακοστό Δεύτερο', 'Δ/νση Διαχείρισης έργων Αγροδιατροφή και Βιομηχανία τροφίμων');
insert into program (title, department) values ('Τριακοστό Τρίτο', 'Διεύθυνση Σχεδιασμού και Προγραμματισμού');

insert into project (project_title, summary, funding, starting_date, final_date, duration, program_title, manager_id, org_name, assessor_id, score, assessment_date) values ('Project Cei59ejmf8', 'orci luctus et ultrices posuere cubilia curae donec pharetra magna vestibulum aliquet ultrices erat tortor sollicitudin mi sit', 1261976.45, '2019-08-06', '2021-08-06', 2, 'Εικοστό Τρίτο', 5, 'Δωδώνη', 45, 71, '2020-12-21');
insert into project (project_title, summary, funding, starting_date, final_date, duration, program_title, manager_id, org_name, assessor_id, score, assessment_date) values ('Project Dwfoqu2h77', 'odio consequat varius integer ac leo pellentesque ultrices mattis odio donec vitae nisi nam ultrices libero non mattis pulvinar', 6414012.7, '2020-01-01', '2021-01-01', 1, 'Εικοστό Ένατο', 18, 'Πανεπιστήμιο Δυτικής Αττικής', 66, 78, '2018-08-02');
insert into project (project_title, summary, funding, starting_date, final_date, duration, program_title, manager_id, org_name, assessor_id, score, assessment_date) values ('Project mfyfja5bw3', 'potenti nullam porttitor lacus at turpis donec posuere metus vitae ipsum', 3930777.86, '2021-08-13 03:29:57', '2024-08-13', 3, 'Εικοστό Όγδοο', 24, 'Ελληνικά Πετρέλαια', 56, 70, '2022-03-23');
insert into project (project_title, summary, funding, starting_date, final_date, duration, program_title, manager_id, org_name, assessor_id, score, assessment_date) values ('Project 0nig0azd29', 'eleifend pede libero quis orci nullam molestie nibh in lectus pellentesque at nulla suspendisse potenti cras in purus', 5792818.85, '2021-03-19', '2025-03-19', 4, 'Εικοστό Τρίτο', 21, 'Ινστιτούτο Παστέρ', 102, 69, '2018-07-04');
insert into project (project_title, summary, funding, starting_date, final_date, duration, program_title, manager_id, org_name, assessor_id, score, assessment_date) values ('Project W8n61qu5v9', 'sit amet turpis elementum ligula vehicula consequat morbi a ipsum integer a nibh', 6175668.1, '2018-10-10', '2021-10-10', 3, 'Τριακοστό Δεύτερο', 25, 'Πανεπιστήμιο Δυτικής Μακεδονίας', 68, 74, '2018-09-02');
insert into project (project_title, summary, funding, starting_date, final_date, duration, program_title, manager_id, org_name, assessor_id, score, assessment_date) values ('Project 30jqk9ate6', 'pretium iaculis justo in hac habitasse platea dictumst etiam faucibus cursus urna ut tellus nulla ut erat', 6847051.89, '2018-09-08', '2021-09-08', 3, 'Δέκατο Όγδοο', 7, 'Ελληνικό Κέντρο Θαλασσίων Ερευνών', 102, 82, '2020-11-18');
insert into project (project_title, summary, funding, starting_date, final_date, duration, program_title, manager_id, org_name, assessor_id, score, assessment_date) values ('Project n1yafj9p36', 'libero nam dui proin leo odio porttitor id consequat in consequat', 4102568.26, '2021-07-22', '2022-07-22', 1, 'Εικοστό', 2, 'Πανεπιστήμιο Δυτικής Αττικής', 104, 80, '2019-06-23');
insert into project (project_title, summary, funding, starting_date, final_date, duration, program_title, manager_id, org_name, assessor_id, score, assessment_date) values ('Project zrzjzgg4p4', 'condimentum curabitur in libero ut massa volutpat convallis morbi odio odio elementum eu interdum eu tincidunt in leo', 845753.39, '2021-10-02', '2023-10-02', 2, 'Τριακοστό Πρώτο', 18, 'Δημόκριτος', 9, 99, '2020-09-15');
insert into project (project_title, summary, funding, starting_date, final_date, duration, program_title, manager_id, org_name, assessor_id, score, assessment_date) values ('Project tl51dnplr6', 'elit sodales scelerisque mauris sit amet eros suspendisse accumsan tortor quis turpis sed ante vivamus tortor duis', 8577347.41, '2021-04-17', '2025-04-17', 4, 'Εικοστό', 25, 'Διεθνές Πανεπιστήμιο Ελλάδος', 99, 76, '2019-10-15');
insert into project (project_title, summary, funding, starting_date, final_date, duration, program_title, manager_id, org_name, assessor_id, score, assessment_date) values ('Project E05fh4p5t0', 'bibendum morbi non quam nec dui luctus rutrum nulla tellus', 4573952.83, '2021-04-11', '2022-04-11', 1, 'Δέκατο Έκτο', 15, 'COSMOTE', 10, 71, '2022-02-23');
insert into project (project_title, summary, funding, starting_date, final_date, duration, program_title, manager_id, org_name, assessor_id, score, assessment_date) values ('Project Ucdhglr766', 'erat id mauris vulputate elementum nullam varius nulla facilisi cras non velit nec nisi vulputate nonummy', 2923621.75, '2020-04-15', '2022-04-15', 2, 'Έκτο', 23, 'Πανεπιστήμιο Κρήτης', 88, 92, '2018-08-20');
insert into project (project_title, summary, funding, starting_date, final_date, duration, program_title, manager_id, org_name, assessor_id, score, assessment_date) values ('Project wm4gozm2n6', 'morbi porttitor lorem id ligula suspendisse ornare consequat lectus in', 9504786.31, '2020-02-11', '2023-02-11', 3, 'Δέκατο Έβδομο', 4, 'Πανεπιστήμιο Κρήτης', 32, 83, '2019-07-29');
insert into project (project_title, summary, funding, starting_date, final_date, duration, program_title, manager_id, org_name, assessor_id, score, assessment_date) values ('Project nw2ow1ytw2', 'maecenas ut massa quis augue luctus tincidunt nulla mollis molestie lorem quisque ut erat curabitur gravida nisi at nibh in', 1527161.48, '2019-05-01', '2022-05-01', 3, 'Τριακοστό Τρίτο', 15, 'Ναυπηγεία Ελευσίνας', 105, 94, '2021-01-08');
insert into project (project_title, summary, funding, starting_date, final_date, duration, program_title, manager_id, org_name, assessor_id, score, assessment_date) values ('Project exb2l6mm57', 'semper rutrum nulla nunc purus phasellus in felis donec semper sapien a libero nam dui', 5804346.8, '2018-07-16', '2020-07-16', 2, 'Εικοστό Τέταρο', 9, 'COSMOTE', 44, 75, '2018-11-04');
insert into project (project_title, summary, funding, starting_date, final_date, duration, program_title, manager_id, org_name, assessor_id, score, assessment_date) values ('Project 2anywt7t93', 'blandit nam nulla integer pede justo lacinia eget tincidunt eget tempus vel', 4853099.5, '2019-07-18', '2023-07-18', 4, 'Δέκατο Τέταρτο', 10, 'Πανεπιστήμιο Κρήτης', 13, 78, '2020-04-29');
insert into project (project_title, summary, funding, starting_date, final_date, duration, program_title, manager_id, org_name, assessor_id, score, assessment_date) values ('Project x5xwgxzvs9', 'ornare consequat lectus in est risus auctor sed tristique in tempus sit amet sem fusce', 5860567.3, '2022-02-14', '2024-02-14', 2, 'Τριακοστό Δεύτερο', 16, 'Δημοκρίτειο Πανεπιστήμιο Θράκης', 85, 70, '2018-03-20');
insert into project (project_title, summary, funding, starting_date, final_date, duration, program_title, manager_id, org_name, assessor_id, score, assessment_date) values ('Project G7tx5wsoi0', 'elit proin interdum mauris non ligula pellentesque ultrices phasellus id sapien in sapien iaculis congue vivamus metus arcu adipiscing molestie', 1061557.81, '2019-04-27', '2023-04-27', 4, 'Δέκατο Ένατο', 15, 'Εθνικό Δίκτυο Έρευνας και Τεχνολογίας', 10, 71, '2021-12-11');
insert into project (project_title, summary, funding, starting_date, final_date, duration, program_title, manager_id, org_name, assessor_id, score, assessment_date) values ('Project K5dtrlcax4', 'sociis natoque penatibus et magnis dis parturient montes nascetur ridiculus mus vivamus vestibulum sagittis sapien cum sociis natoque penatibus et', 535733.88, '2022-05-09', '2024-05-09', 2, 'Εικοστό Τέταρο', 21, 'ΤΙΤΑΝ', 48, 73, '2018-10-19');
insert into project (project_title, summary, funding, starting_date, final_date, duration, program_title, manager_id, org_name, assessor_id, score, assessment_date) values ('Project bxge90fr70', 'vitae nisl aenean lectus pellentesque eget nunc donec quis orci eget orci vehicula condimentum curabitur in libero ut massa', 4352342.74, '2018-12-10', '2019-12-10', 1, 'Δέκατο Έβδομο', 16, 'Olympia Electronics', 13, 70, '2021-06-19');
insert into project (project_title, summary, funding, starting_date, final_date, duration, program_title, manager_id, org_name, assessor_id, score, assessment_date) values ('Project 2g7mjsxpn4', 'odio curabitur convallis duis consequat dui nec nisi volutpat eleifend donec ut dolor morbi vel', 8323209.95, '2019-12-12', '2023-12-12', 4, 'Τέταρτο', 22, 'Εθνικό Δίκτυο Έρευνας και Τεχνολογίας', 108, 99, '2020-08-13');
insert into project (project_title, summary, funding, starting_date, final_date, duration, program_title, manager_id, org_name, assessor_id, score, assessment_date) values ('Project r5qiyz1pp9', 'dignissim vestibulum vestibulum ante ipsum primis in faucibus orci luctus et ultrices posuere cubilia curae', 9445406.86, '2021-11-22', '2024-11-22', 3, 'Τέταρτο', 2, 'Πανεπιστήμιο Δυτικής Αττικής', 49, 80, '2018-05-28');
insert into project (project_title, summary, funding, starting_date, final_date, duration, program_title, manager_id, org_name, assessor_id, score, assessment_date) values ('Project F9dkb815b0', 'nulla elit ac nulla sed vel enim sit amet nunc viverra dapibus nulla', 7675775.99, '2021-07-17', '2022-07-17', 1, 'Ένατο', 11, 'Vodafone', 19, 77, '2020-08-22');
insert into project (project_title, summary, funding, starting_date, final_date, duration, program_title, manager_id, org_name, assessor_id, score, assessment_date) values ('Project vogdvqv2a8', 'parturient montes nascetur ridiculus mus vivamus vestibulum sagittis sapien cum sociis natoque', 5585401.6, '2018-11-05', '2020-11-05', 2, 'Εικοστό Ένατο', 4, 'Εθνικό Δίκτυο Έρευνας και Τεχνολογίας', 86, 78, '2018-03-14');
insert into project (project_title, summary, funding, starting_date, final_date, duration, program_title, manager_id, org_name, assessor_id, score, assessment_date) values ('Project Qze0x27ui1', 'sit amet erat nulla tempus vivamus in felis eu sapien cursus vestibulum proin eu mi nulla ac', 8891555.99, '2019-07-25', '2021-07-25', 2, 'Εικοστό Έβδομο', 19, 'Olympia Electronics', 59, 79, '2021-01-08');
insert into project (project_title, summary, funding, starting_date, final_date, duration, program_title, manager_id, org_name, assessor_id, score, assessment_date) values ('Project O1lw17vo92', 'id ornare imperdiet sapien urna pretium nisl ut volutpat sapien arcu sed', 9435682.59, '2018-12-12 00:39:49', '2022-12-12', 4, 'Εικοστό Πέμπτο', 9, 'Πανεπιστήμιο Θεσσαλίας', 4, 93, '2021-07-03');
insert into project (project_title, summary, funding, starting_date, final_date, duration, program_title, manager_id, org_name, assessor_id, score, assessment_date) values ('Project Cbnhd2q3p2', 'blandit non interdum in ante vestibulum ante ipsum primis in faucibus orci luctus et', 3239232.08, '2019-02-26', '2023-02-26', 4, 'Δέκατο Όγδοο', 9, 'ΕΛΒΑΛΧΑΛΚΟΡ', 84, 73, '2020-01-15');
insert into project (project_title, summary, funding, starting_date, final_date, duration, program_title, manager_id, org_name, assessor_id, score, assessment_date) values ('Project t1dnk9kbk5', 'pulvinar lobortis est phasellus sit amet erat nulla tempus vivamus in felis eu sapien cursus vestibulum proin eu mi', 5994438.42, '2020-06-22', '2021-06-22', 1, 'Πρώτο', 12, 'Δημοκρίτειο Πανεπιστήμιο Θράκης', 72, 86, '2021-08-28');
insert into project (project_title, summary, funding, starting_date, final_date, duration, program_title, manager_id, org_name, assessor_id, score, assessment_date) values ('Project anuuvavgl7', 'magna vestibulum aliquet ultrices erat tortor sollicitudin mi sit amet lobortis sapien sapien non mi', 9571413.84, '2021-07-20', '2024-07-20', 3, 'Τριακοστό Πρώτο', 6, 'Δημόκριτος', 64, 86, '2018-01-30');
insert into project (project_title, summary, funding, starting_date, final_date, duration, program_title, manager_id, org_name, assessor_id, score, assessment_date) values ('Project be0fszjjn7', 'orci luctus et ultrices posuere cubilia curae donec pharetra magna vestibulum aliquet ultrices erat tortor sollicitudin mi sit amet lobortis', 1270671.89, '2019-10-06', '2021-10-06', 2, 'Πέμπτο', 10, 'Ιόνιο Πανεπιστήμιο', 31, 74, '2019-06-21');
insert into project (project_title, summary, funding, starting_date, final_date, duration, program_title, manager_id, org_name, assessor_id, score, assessment_date) values ('Project xr69nmd8h9', 'turpis eget elit sodales scelerisque mauris sit amet eros suspendisse accumsan tortor quis turpis sed ante vivamus tortor duis', 7689259.77, '2019-05-06', '2022-05-06', 3, 'Τριακοστό Τρίτο', 3, 'Ινστιτούτο Παστέρ', 43, 74, '2018-08-22');
insert into project (project_title, summary, funding, starting_date, final_date, duration, program_title, manager_id, org_name, assessor_id, score, assessment_date) values ('Project D3jprhiz37', 'rhoncus sed vestibulum sit amet cursus id turpis integer aliquet massa id lobortis convallis tortor risus dapibus augue', 7112624.31, '2019-10-08', '2021-10-08', 2, 'Δέκατο', 23, 'Olympia Electronics', 85, 79, '2021-01-31');
insert into project (project_title, summary, funding, starting_date, final_date, duration, program_title, manager_id, org_name, assessor_id, score, assessment_date) values ('Project nb1hwr5kp9', 'magnis dis parturient montes nascetur ridiculus mus etiam vel augue vestibulum rutrum', 9095139.84, '2019-06-22', '2020-06-22', 1, 'Τέταρτο', 5, 'Πανεπιστήμιο Πατρών', 44, 75, '2018-04-08');
insert into project (project_title, summary, funding, starting_date, final_date, duration, program_title, manager_id, org_name, assessor_id, score, assessment_date) values ('Project Rgqo7d8cg1', 'eget massa tempor convallis nulla neque libero convallis eget eleifend luctus ultricies eu nibh quisque id justo sit', 8541308.31, '2021-04-30', '2022-04-30', 1, 'Δέκατο Όγδοο', 3, 'Αριστοτέλειο Πανεπιστήμιο Θεσσαλονίκης', 77, 75, '2019-04-02');
insert into project (project_title, summary, funding, starting_date, final_date, duration, program_title, manager_id, org_name, assessor_id, score, assessment_date) values ('Project Fmccm0eom9', 'sem mauris laoreet ut rhoncus aliquet pulvinar sed nisl nunc rhoncus dui vel sem sed sagittis nam congue risus', 4944069.45, '2020-10-13', '2021-10-13', 1, 'Εικοστό', 9, 'Ναυπηγεία Ελευσίνας', 1, 82, '2020-06-24');
insert into project (project_title, summary, funding, starting_date, final_date, duration, program_title, manager_id, org_name, assessor_id, score, assessment_date) values ('Project k8m6uxqz94', 'sem duis aliquam convallis nunc proin at turpis a pede posuere nonummy integer', 9932885.8, '2019-02-27', '2022-02-27', 3, 'Εικοστό Έκτο', 5, 'Ελληνική Βιομηχανία Οχημάτων', 30, 66, '2019-10-11');
insert into project (project_title, summary, funding, starting_date, final_date, duration, program_title, manager_id, org_name, assessor_id, score, assessment_date) values ('Project Cw4df4mro4', 'nec dui luctus rutrum nulla tellus in sagittis dui vel nisl duis ac nibh', 9546466.67, '2022-04-14', '2026-04-14', 4, 'Εικοστό Πρώτο', 15, 'Vodafone', 14, 84, '2020-07-29');
insert into project (project_title, summary, funding, starting_date, final_date, duration, program_title, manager_id, org_name, assessor_id, score, assessment_date) values ('Project W3ab9gool1', 'mattis egestas metus aenean fermentum donec ut mauris eget massa tempor convallis nulla neque libero convallis eget eleifend', 2272334.41, '2021-10-13', '2023-10-13', 2, 'Τέταρτο', 23, 'Πανεπιστήμιο Δυτικής Μακεδονίας', 55, 91, '2021-11-24');
insert into project (project_title, summary, funding, starting_date, final_date, duration, program_title, manager_id, org_name, assessor_id, score, assessment_date) values ('Project dzwglsv494', 'aliquam convallis nunc proin at turpis a pede posuere nonummy', 1197489.51, '2020-10-08', '2021-10-08', 1, 'Εικοστό Έβδομο', 19, 'Εθνικό Μετσόβιο Πολυτεχνείο', 70, 70, '2021-08-05');
insert into project (project_title, summary, funding, starting_date, final_date, duration, program_title, manager_id, org_name, assessor_id, score, assessment_date) values ('Project rhs589c010', 'consequat in consequat ut nulla sed accumsan felis ut at dolor quis odio consequat varius', 7324552.08, '2018-12-22', '2022-12-22', 4, 'Τέταρτο', 12, 'Πανεπιστήμιο Δυτικής Μακεδονίας', 60, 97, '2020-10-14');
insert into project (project_title, summary, funding, starting_date, final_date, duration, program_title, manager_id, org_name, assessor_id, score, assessment_date) values ('Project g2ksdbeqd7', 'dapibus nulla suscipit ligula in lacus curabitur at ipsum ac tellus semper interdum mauris ullamcorper purus', 6912432.56, '2022-01-05', '2024-01-05', 2, 'Δέκατο Ένατο', 10, 'Εθνικό Μετσόβιο Πολυτεχνείο', 56, 76, '2018-06-18');
insert into project (project_title, summary, funding, starting_date, final_date, duration, program_title, manager_id, org_name, assessor_id, score, assessment_date) values ('Project akhccwoaa8', 'nisl nunc nisl duis bibendum felis sed interdum venenatis turpis enim blandit mi in porttitor pede justo eu', 9491020.66, '2019-08-04', '2023-08-04', 4, 'Τριακοστό Δεύτερο', 3, 'Εθνικό Αστεροσκοπείο Αθηνών', 66, 84, '2019-05-02');
insert into project (project_title, summary, funding, starting_date, final_date, duration, program_title, manager_id, org_name, assessor_id, score, assessment_date) values ('Project gtn8z8r248', 'quis turpis eget elit sodales scelerisque mauris sit amet eros suspendisse accumsan tortor quis turpis sed', 6927885.99, '2020-12-27', '2024-12-27', 4, 'Τρίτο', 11, 'Ελληνικό Κέντρο Θαλασσίων Ερευνών', 104, 82, '2021-09-10');
insert into project (project_title, summary, funding, starting_date, final_date, duration, program_title, manager_id, org_name, assessor_id, score, assessment_date) values ('Project ll4aig48q3', 'ac tellus semper interdum mauris ullamcorper purus sit amet nulla quisque arcu libero', 5006348.62, '2021-11-27', '2022-11-27', 1, 'Δέκατο Ένατο', 18, 'Δημόκριτος', 44, 72, '2018-01-07');
insert into project (project_title, summary, funding, starting_date, final_date, duration, program_title, manager_id, org_name, assessor_id, score, assessment_date) values ('Project lnsswighb7', 'vestibulum sed magna at nunc commodo placerat praesent blandit nam nulla integer pede justo lacinia eget tincidunt', 8697623.06, '2020-09-29', '2022-09-29', 2, 'Εικοστό', 1, 'Πανεπιστήμιο Αιγαίου', 70, 81, '2019-09-11');
insert into project (project_title, summary, funding, starting_date, final_date, duration, program_title, manager_id, org_name, assessor_id, score, assessment_date) values ('Project Q6za0j7xe8', 'aliquam sit amet diam in magna bibendum imperdiet nullam orci pede venenatis non sodales sed tincidunt eu', 5844428.69, '2019-07-28', '2021-07-28', 2, 'Δέκατο Πέμπτο', 20, 'Διεθνές Πανεπιστήμιο Ελλάδος', 49, 81, '2020-01-13');
insert into project (project_title, summary, funding, starting_date, final_date, duration, program_title, manager_id, org_name, assessor_id, score, assessment_date) values ('Project J1sbqnbjk4', 'turpis enim blandit mi in porttitor pede justo eu massa donec dapibus duis at velit eu est congue', 6431254.96, '2018-08-07', '2022-08-07', 4, 'Τριακοστό Τρίτο', 12, 'Ελληνικό Κέντρο Θαλασσίων Ερευνών', 86, 70, '2021-09-20');
insert into project (project_title, summary, funding, starting_date, final_date, duration, program_title, manager_id, org_name, assessor_id, score, assessment_date) values ('Project 9s9d0pqx34', 'id mauris vulputate elementum nullam varius nulla facilisi cras non velit', 1275332.53, '2022-04-04', '2024-04-04', 2, 'Έβδομο', 1, 'Οικονομικό Πανεπιστήμιο Αθηνών', 9, 88, '2020-12-17');
insert into project (project_title, summary, funding, starting_date, final_date, duration, program_title, manager_id, org_name, assessor_id, score, assessment_date) values ('Project Ccw28n8yi8', 'sit amet nulla quisque arcu libero rutrum ac lobortis vel', 2268771.97, '2019-06-08', '2020-06-08', 1, 'Δέκατο Τρίτο', 20, 'Πανεπιστήμιο Δυτικής Μακεδονίας', 17, 80, '2019-09-24');
insert into project (project_title, summary, funding, starting_date, final_date, duration, program_title, manager_id, org_name, assessor_id, score, assessment_date) values ('Project mlzl5dh6n7', 'justo sit amet sapien dignissim vestibulum vestibulum ante ipsum primis in faucibus orci luctus et ultrices posuere cubilia', 4841692.64, '2018-11-15', '2022-11-15', 4, 'Δέκατο Όγδοο', 6, 'Ιόνιο Πανεπιστήμιο', 63, 78, '2018-09-03');
insert into project (project_title, summary, funding, starting_date, final_date, duration, program_title, manager_id, org_name, assessor_id, score, assessment_date) values ('Project Qqylcfzjq4', 'nibh in quis justo maecenas rhoncus aliquam lacus morbi quis tortor id nulla ultrices aliquet maecenas leo odio condimentum id', 890782.32, '2021-10-06', '2022-10-06', 1, 'Τριακοστό Τρίτο', 10, 'Ελληνική Βιομηχανία Οχημάτων', 32, 80, '2019-05-10');
insert into project (project_title, summary, funding, starting_date, final_date, duration, program_title, manager_id, org_name, assessor_id, score, assessment_date) values ('Project pfmsh4pql1', 'arcu sed augue aliquam erat volutpat in congue etiam justo etiam pretium', 3020507.07, '2021-06-21', '2024-06-21', 3, 'Δέκατο', 9, 'Δωδώνη', 16, 74, '2022-04-06');
insert into project (project_title, summary, funding, starting_date, final_date, duration, program_title, manager_id, org_name, assessor_id, score, assessment_date) values ('Project To61uzuan5', 'est phasellus sit amet erat nulla tempus vivamus in felis eu sapien cursus vestibulum proin eu mi', 7349522.98, '2018-07-18', '2019-07-18', 1, 'Πέμπτο', 4, 'Ναυπηγεία Ελευσίνας', 62, 90, '2019-08-15');
insert into project (project_title, summary, funding, starting_date, final_date, duration, program_title, manager_id, org_name, assessor_id, score, assessment_date) values ('Project R84b5ap9m8', 'sed nisl nunc rhoncus dui vel sem sed sagittis nam congue risus semper porta volutpat', 5908003.02, '2019-09-28', '2022-09-28', 3, 'Εικοστό Δεύτερο', 20, 'Πανεπιστήμιο Κρήτης', 63, 80, '2019-11-05');
insert into project (project_title, summary, funding, starting_date, final_date, duration, program_title, manager_id, org_name, assessor_id, score, assessment_date) values ('Project qp84102h82', 'lorem vitae mattis nibh ligula nec sem duis aliquam convallis nunc proin', 1549891.16, '2018-09-27', '2022-09-27', 4, 'Δέκατο', 3, 'Οικονομικό Πανεπιστήμιο Αθηνών', 101, 87, '2018-04-06');
insert into project (project_title, summary, funding, starting_date, final_date, duration, program_title, manager_id, org_name, assessor_id, score, assessment_date) values ('Project cx73xsq856', 'cum sociis natoque penatibus et magnis dis parturient montes nascetur ridiculus mus', 3731532.32, '2021-09-04', '2025-09-04', 4, 'Ενδέκατο', 15, 'Πανεπιστήμιο Δυτικής Αττικής', 55, 90, '2018-10-05');
insert into project (project_title, summary, funding, starting_date, final_date, duration, program_title, manager_id, org_name, assessor_id, score, assessment_date) values ('Project hflfp2if21', 'erat volutpat in congue etiam justo etiam pretium iaculis justo in hac habitasse platea dictumst etiam', 6473541.07, '2021-12-20', '2025-12-20', 4, 'Δέκατο Τρίτο', 24, 'Motor Oil', 75, 100, '2019-01-14');
insert into project (project_title, summary, funding, starting_date, final_date, duration, program_title, manager_id, org_name, assessor_id, score, assessment_date) values ('Project Lta4xm5bq1', 'amet nulla quisque arcu libero rutrum ac lobortis vel dapibus', 2530298.99, '2020-04-01', '2024-04-01', 4, 'Εικοστό Πρώτο', 20, 'Vodafone', 19, 82, '2021-11-16');
insert into project (project_title, summary, funding, starting_date, final_date, duration, program_title, manager_id, org_name, assessor_id, score, assessment_date) values ('Project kl7d3fxo09', 'praesent blandit lacinia erat vestibulum sed magna at nunc commodo placerat praesent blandit nam nulla integer pede', 5276567.78, '2019-08-22', '2020-08-22', 1, 'Εικοστό Πέμπτο', 25, 'COSMOTE', 68, 80, '2018-03-28');
insert into project (project_title, summary, funding, starting_date, final_date, duration, program_title, manager_id, org_name, assessor_id, score, assessment_date) values ('Project 4l9w12z4q0', 'integer ac leo pellentesque ultrices mattis odio donec vitae nisi nam ultrices libero non mattis pulvinar nulla pede ullamcorper augue', 5974243.86, '2021-03-05', '2022-03-05', 1, 'Εικοστό Δεύτερο', 5, 'Εθνικό Δίκτυο Έρευνας και Τεχνολογίας', 101, 73, '2020-09-10');
insert into project (project_title, summary, funding, starting_date, final_date, duration, program_title, manager_id, org_name, assessor_id, score, assessment_date) values ('Project B53xw7kpn1', 'ante ipsum primis in faucibus orci luctus et ultrices posuere cubilia curae duis faucibus accumsan odio curabitur convallis duis', 1756092.39, '2021-04-06', '2023-04-06', 2, 'Τριακοστό Δεύτερο', 1, 'PFIZER Ελλάδος', 57, 75, '2020-11-18');
insert into project (project_title, summary, funding, starting_date, final_date, duration, program_title, manager_id, org_name, assessor_id, score, assessment_date) values ('Project kl7d3fxo09', 'praesent blandit lacinia erat vestibulum sed magna at nunc commodo placerat praesent blandit nam nulla integer pede', 5276567.78, '2021-09-11', '2022-09-11', 1, 'Εικοστό Πέμπτο', 25, 'Δημόκριτος', 68, 80, '2018-01-28');
insert into project (project_title, summary, funding, starting_date, final_date, duration, program_title, manager_id, org_name, assessor_id, score, assessment_date) values ('Project 4l9w12z4q0', 'integer ac leo pellentesque ultrices mattis odio donec vitae nisi nam ultrices libero non mattis pulvinar nulla pede ullamcorper augue', 5974243.86, '2021-12-25', '2022-12-25', 1, 'Εικοστό Δεύτερο', 5, 'Δημόκριτος', 10, 70, '2020-08-10');
insert into project (project_title, summary, funding, starting_date, final_date, duration, program_title, manager_id, org_name, assessor_id, score, assessment_date) values ('Project B53xw7kpn1', 'ante ipsum primis in faucibus orci luctus et ultrices posuere cubilia curae duis faucibus accumsan odio curabitur convallis duis', 1756092.39, '2021-02-06', '2023-02-06', 2, 'Τριακοστό Δεύτερο', 1, 'Δημόκριτος', 57, 75, '2020-11-08');

insert into report (project_id, report_title, report_summary, due_date) values (13, 'Report 1', 'ullamcorper augue a suscipit nulla elit ac nulla sed vel enim', '2019-01-06 03:28:40');
insert into report (project_id, report_title, report_summary, due_date) values (3, 'Report 1', 'tempus vel pede morbi porttitor lorem id ligula suspendisse ornare consequat lectus in est', '2019-03-03 02:57:50');
insert into report (project_id, report_title, report_summary, due_date) values (31, 'Report 1', 'posuere cubilia curae duis faucibus accumsan odio curabitur convallis duis consequat dui nec nisi volutpat', '2021-10-30 09:22:51');
insert into report (project_id, report_title, report_summary, due_date) values (12, 'Report 1', 'ante nulla justo aliquam quis turpis eget elit sodales scelerisque', '2019-09-16 18:08:32');
insert into report (project_id, report_title, report_summary, due_date) values (13, 'Report 2', 'pede venenatis non sodales sed tincidunt eu felis fusce posuere felis sed lacus', '2021-03-18 00:14:42');
insert into report (project_id, report_title, report_summary, due_date) values (54, 'Report 1', 'vel ipsum praesent blandit lacinia erat vestibulum sed magna at nunc commodo placerat praesent blandit nam nulla integer', '2020-05-30 01:24:15');
insert into report (project_id, report_title, report_summary, due_date) values (10, 'Report 1', 'mauris enim leo rhoncus sed vestibulum sit amet cursus id turpis', '2019-10-30 08:38:56');
insert into report (project_id, report_title, report_summary, due_date) values (12, 'Report 2', 'tortor id nulla ultrices aliquet maecenas leo odio condimentum id luctus nec molestie sed justo pellentesque viverra pede ac', '2021-08-03 17:11:46');
insert into report (project_id, report_title, report_summary, due_date) values (14, 'Report 1', 'vitae ipsum aliquam non mauris morbi non lectus aliquam sit amet diam in', '2020-06-16 00:25:13');
insert into report (project_id, report_title, report_summary, due_date) values (33, 'Report 1', 'cursus urna ut tellus nulla ut erat id mauris vulputate elementum nullam varius nulla facilisi cras', '2020-07-01 02:27:50');
insert into report (project_id, report_title, report_summary, due_date) values (15, 'Report 1', 'tristique fusce congue diam id ornare imperdiet sapien urna pretium nisl ut volutpat', '2022-04-21 03:55:51');
insert into report (project_id, report_title, report_summary, due_date) values (5, 'Report 1', 'felis sed lacus morbi sem mauris laoreet ut rhoncus aliquet pulvinar sed nisl nunc rhoncus dui vel sem sed', '2020-06-02 20:14:08');
insert into report (project_id, report_title, report_summary, due_date) values (35, 'Report 1', 'metus sapien ut nunc vestibulum ante ipsum primis in faucibus orci luctus et', '2021-07-26 00:08:03');
insert into report (project_id, report_title, report_summary, due_date) values (7, 'Report 1', 'massa id lobortis convallis tortor risus dapibus augue vel accumsan tellus nisi eu orci', '2019-12-27 12:02:37');
insert into report (project_id, report_title, report_summary, due_date) values (1, 'Report 1', 'tincidunt eu felis fusce posuere felis sed lacus morbi sem mauris laoreet ut rhoncus aliquet pulvinar sed nisl nunc rhoncus', '2019-02-11 20:13:00');
insert into report (project_id, report_title, report_summary, due_date) values (33, 'Report 2', 'duis ac nibh fusce lacus purus aliquet at feugiat non pretium', '2020-10-05 14:43:00');
insert into report (project_id, report_title, report_summary, due_date) values (57, 'Report 1', 'mauris ullamcorper purus sit amet nulla quisque arcu libero rutrum ac lobortis vel dapibus at diam nam tristique', '2019-04-12 07:11:43');
insert into report (project_id, report_title, report_summary, due_date) values (11, 'Report 1', 'sagittis nam congue risus semper porta volutpat quam pede lobortis ligula sit amet', '2021-05-18 13:53:39');
insert into report (project_id, report_title, report_summary, due_date) values (26, 'Report 1', 'justo nec condimentum neque sapien placerat ante nulla justo aliquam', '2021-02-23 07:56:14');
insert into report (project_id, report_title, report_summary, due_date) values (17, 'Report 1', 'sit amet consectetuer adipiscing elit proin interdum mauris non ligula pellentesque ultrices phasellus id sapien', '2019-03-07 16:54:55');
insert into report (project_id, report_title, report_summary, due_date) values (21, 'Report 1', 'massa volutpat convallis morbi odio odio elementum eu interdum eu tincidunt in leo maecenas pulvinar lobortis est phasellus sit', '2021-11-17 02:02:22');
insert into report (project_id, report_title, report_summary, due_date) values (48, 'Report 1', 'viverra diam vitae quam suspendisse potenti nullam porttitor lacus at turpis donec posuere metus vitae ipsum', '2019-01-23 15:48:46');
insert into report (project_id, report_title, report_summary, due_date) values (35, 'Report 2', 'vel accumsan tellus nisi eu orci mauris lacinia sapien quis libero nullam sit amet turpis elementum', '2019-05-20 17:05:35');
insert into report (project_id, report_title, report_summary, due_date) values (26, 'Report 2', 'volutpat dui maecenas tristique est et tempus semper est quam pharetra', '2020-03-01 09:15:07');
insert into report (project_id, report_title, report_summary, due_date) values (11, 'Report 2', 'natoque penatibus et magnis dis parturient montes nascetur ridiculus mus vivamus vestibulum sagittis sapien cum sociis', '2020-12-08 02:55:40');
insert into report (project_id, report_title, report_summary, due_date) values (14, 'Report 2', 'quam a odio in hac habitasse platea dictumst maecenas ut massa quis augue luctus tincidunt nulla mollis molestie', '2020-04-18 10:28:48');
insert into report (project_id, report_title, report_summary, due_date) values (50, 'Report 1', 'vulputate vitae nisl aenean lectus pellentesque eget nunc donec quis orci eget orci', '2022-05-15 04:18:30');
insert into report (project_id, report_title, report_summary, due_date) values (53, 'Report 1', 'orci mauris lacinia sapien quis libero nullam sit amet turpis elementum ligula vehicula consequat morbi a ipsum integer', '2020-06-08 02:46:53');
insert into report (project_id, report_title, report_summary, due_date) values (12, 'Report 3', 'lorem integer tincidunt ante vel ipsum praesent blandit lacinia erat vestibulum sed magna', '2021-05-09 18:40:12');
insert into report (project_id, report_title, report_summary, due_date) values (26, 'Report 3', 'varius ut blandit non interdum in ante vestibulum ante ipsum primis in faucibus orci luctus', '2020-09-10 05:11:55');
insert into report (project_id, report_title, report_summary, due_date) values (41, 'Report 1', 'quis orci nullam molestie nibh in lectus pellentesque at nulla', '2020-08-05 14:25:04');
insert into report (project_id, report_title, report_summary, due_date) values (13, 'Report 3', 'turpis nec euismod scelerisque quam turpis adipiscing lorem vitae mattis nibh ligula nec sem duis', '2021-02-21 07:25:09');
insert into report (project_id, report_title, report_summary, due_date) values (40, 'Report 1', 'fermentum donec ut mauris eget massa tempor convallis nulla neque libero convallis eget eleifend', '2022-03-02 00:02:48');
insert into report (project_id, report_title, report_summary, due_date) values (34, 'Report 1', 'quisque porta volutpat erat quisque erat eros viverra eget congue eget semper rutrum nulla nunc purus', '2020-12-24 08:51:42');
insert into report (project_id, report_title, report_summary, due_date) values (23, 'Report 1', 'dapibus duis at velit eu est congue elementum in hac habitasse platea dictumst morbi vestibulum velit id pretium iaculis diam', '2021-09-16 05:54:56');
insert into report (project_id, report_title, report_summary, due_date) values (22, 'Report 1', 'volutpat sapien arcu sed augue aliquam erat volutpat in congue etiam justo etiam pretium iaculis justo in hac', '2020-03-18 22:47:36');
insert into report (project_id, report_title, report_summary, due_date) values (27, 'Report 1', 'eu est congue elementum in hac habitasse platea dictumst morbi vestibulum velit id pretium iaculis diam erat fermentum justo nec', '2019-12-10 04:14:41');
insert into report (project_id, report_title, report_summary, due_date) values (11, 'Report 3', 'nulla dapibus dolor vel est donec odio justo sollicitudin ut suscipit a feugiat et eros vestibulum ac est lacinia nisi', '2020-02-11 16:25:13');
insert into report (project_id, report_title, report_summary, due_date) values (20, 'Report 1', 'massa volutpat convallis morbi odio odio elementum eu interdum eu tincidunt in leo maecenas pulvinar lobortis est phasellus', '2021-11-23 18:25:34');
insert into report (project_id, report_title, report_summary, due_date) values (48, 'Report 2', 'ultrices posuere cubilia curae duis faucibus accumsan odio curabitur convallis duis', '2020-02-07 23:07:32');
insert into report (project_id, report_title, report_summary, due_date) values (54, 'Report 2', 'ante ipsum primis in faucibus orci luctus et ultrices posuere cubilia curae mauris viverra diam vitae quam suspendisse potenti nullam', '2021-12-02 21:51:06');
insert into report (project_id, report_title, report_summary, due_date) values (60, 'Report 1', 'morbi vel lectus in quam fringilla rhoncus mauris enim leo rhoncus', '2022-02-20 22:44:52');
insert into report (project_id, report_title, report_summary, due_date) values (15, 'Report 2', 'sapien in sapien iaculis congue vivamus metus arcu adipiscing molestie hendrerit at vulputate vitae nisl aenean lectus pellentesque eget nunc', '2022-03-01 22:18:19');
insert into report (project_id, report_title, report_summary, due_date) values (54, 'Report 3', 'in consequat ut nulla sed accumsan felis ut at dolor quis', '2020-01-21 02:08:10');
insert into report (project_id, report_title, report_summary, due_date) values (41, 'Report 2', 'elementum in hac habitasse platea dictumst morbi vestibulum velit id pretium iaculis diam erat fermentum justo nec', '2021-01-24 14:28:57');
insert into report (project_id, report_title, report_summary, due_date) values (30, 'Report 1', 'faucibus orci luctus et ultrices posuere cubilia curae nulla dapibus dolor vel est', '2020-06-29 02:35:07');
insert into report (project_id, report_title, report_summary, due_date) values (55, 'Report 1', 'in eleifend quam a odio in hac habitasse platea dictumst maecenas', '2020-05-15 20:04:31');
insert into report (project_id, report_title, report_summary, due_date) values (32, 'Report 1', 'justo pellentesque viverra pede ac diam cras pellentesque volutpat dui maecenas', '2021-08-19 02:14:48');
insert into report (project_id, report_title, report_summary, due_date) values (33, 'Report 3', 'posuere cubilia curae mauris viverra diam vitae quam suspendisse potenti nullam porttitor lacus at turpis donec posuere metus', '2019-02-19 18:25:28');

insert into researcher_on_project (researcher_id, project_id) values (1, 41);
insert into researcher_on_project (researcher_id, project_id) values (2, 55);
insert into researcher_on_project (researcher_id, project_id) values (2, 21);
insert into researcher_on_project (researcher_id, project_id) values (2, 2);
insert into researcher_on_project (researcher_id, project_id) values (3, 53);
insert into researcher_on_project (researcher_id, project_id) values (3, 12);
insert into researcher_on_project (researcher_id, project_id) values (5, 55);
insert into researcher_on_project (researcher_id, project_id) values (4, 41);
insert into researcher_on_project (researcher_id, project_id) values (5, 21);
insert into researcher_on_project (researcher_id, project_id) values (6, 15);
insert into researcher_on_project (researcher_id, project_id) values (6, 12);
insert into researcher_on_project (researcher_id, project_id) values (7, 40);
insert into researcher_on_project (researcher_id, project_id) values (8, 41);
insert into researcher_on_project (researcher_id, project_id) values (9, 7);
insert into researcher_on_project (researcher_id, project_id) values (9, 2);
insert into researcher_on_project (researcher_id, project_id) values (10, 40);
insert into researcher_on_project (researcher_id, project_id) values (10, 38);
insert into researcher_on_project (researcher_id, project_id) values (11, 43);
insert into researcher_on_project (researcher_id, project_id) values (11, 8);
insert into researcher_on_project (researcher_id, project_id) values (12, 49);
insert into researcher_on_project (researcher_id, project_id) values (12, 29);
insert into researcher_on_project (researcher_id, project_id) values (13, 41);
insert into researcher_on_project (researcher_id, project_id) values (14, 45);
insert into researcher_on_project (researcher_id, project_id) values (14, 9);
insert into researcher_on_project (researcher_id, project_id) values (15, 33);
insert into researcher_on_project (researcher_id, project_id) values (16, 53);
insert into researcher_on_project (researcher_id, project_id) values (16, 11);
insert into researcher_on_project (researcher_id, project_id) values (17, 16);
insert into researcher_on_project (researcher_id, project_id) values (17, 27);
insert into researcher_on_project (researcher_id, project_id) values (18, 53);
insert into researcher_on_project (researcher_id, project_id) values (18, 15);
insert into researcher_on_project (researcher_id, project_id) values (18, 11);
insert into researcher_on_project (researcher_id, project_id) values (19, 16);
insert into researcher_on_project (researcher_id, project_id) values (20, 45);
insert into researcher_on_project (researcher_id, project_id) values (20, 9);
insert into researcher_on_project (researcher_id, project_id) values (21, 45);
insert into researcher_on_project (researcher_id, project_id) values (21, 9);
insert into researcher_on_project (researcher_id, project_id) values (22, 53);
insert into researcher_on_project (researcher_id, project_id) values (22, 12);
insert into researcher_on_project (researcher_id, project_id) values (22, 11);
insert into researcher_on_project (researcher_id, project_id) values (23, 27);
insert into researcher_on_project (researcher_id, project_id) values (23, 16);
insert into researcher_on_project (researcher_id, project_id) values (24, 29);
insert into researcher_on_project (researcher_id, project_id) values (24, 49);
insert into researcher_on_project (researcher_id, project_id) values (25, 27);
insert into researcher_on_project (researcher_id, project_id) values (25, 16);
insert into researcher_on_project (researcher_id, project_id) values (26, 16);
insert into researcher_on_project (researcher_id, project_id) values (27, 49);
insert into researcher_on_project (researcher_id, project_id) values (28, 49);
insert into researcher_on_project (researcher_id, project_id) values (28, 29);
insert into researcher_on_project (researcher_id, project_id) values (29, 28);
insert into researcher_on_project (researcher_id, project_id) values (29, 8);
insert into researcher_on_project (researcher_id, project_id) values (30, 53);
insert into researcher_on_project (researcher_id, project_id) values (30, 15);
insert into researcher_on_project (researcher_id, project_id) values (31, 41);
insert into researcher_on_project (researcher_id, project_id) values (32, 29);
insert into researcher_on_project (researcher_id, project_id) values (33, 11);
insert into researcher_on_project (researcher_id, project_id) values (33, 12);
insert into researcher_on_project (researcher_id, project_id) values (34, 29);
insert into researcher_on_project (researcher_id, project_id) values (35, 16);
insert into researcher_on_project (researcher_id, project_id) values (36, 43);
insert into researcher_on_project (researcher_id, project_id) values (36, 8);
insert into researcher_on_project (researcher_id, project_id) values (37, 15);
insert into researcher_on_project (researcher_id, project_id) values (37, 12);
insert into researcher_on_project (researcher_id, project_id) values (38, 2);
insert into researcher_on_project (researcher_id, project_id) values (38, 21);
insert into researcher_on_project (researcher_id, project_id) values (39, 15);
insert into researcher_on_project (researcher_id, project_id) values (39, 11);
insert into researcher_on_project (researcher_id, project_id) values (40, 27);
insert into researcher_on_project (researcher_id, project_id) values (40, 16);
insert into researcher_on_project (researcher_id, project_id) values (41, 29);
insert into researcher_on_project (researcher_id, project_id) values (41, 49);
insert into researcher_on_project (researcher_id, project_id) values (42, 41);
insert into researcher_on_project (researcher_id, project_id) values (43, 53);
insert into researcher_on_project (researcher_id, project_id) values (43, 15);
insert into researcher_on_project (researcher_id, project_id) values (44, 41);
insert into researcher_on_project (researcher_id, project_id) values (45, 41);
insert into researcher_on_project (researcher_id, project_id) values (46, 29);
insert into researcher_on_project (researcher_id, project_id) values (47, 41);
insert into researcher_on_project (researcher_id, project_id) values (48, 29);
insert into researcher_on_project (researcher_id, project_id) values (48, 49);
insert into researcher_on_project (researcher_id, project_id) values (49, 49);
insert into researcher_on_project (researcher_id, project_id) values (50, 29);
insert into researcher_on_project (researcher_id, project_id) values (51, 7);
insert into researcher_on_project (researcher_id, project_id) values (51, 2);
insert into researcher_on_project (researcher_id, project_id) values (52, 16);
insert into researcher_on_project (researcher_id, project_id) values (52, 27);
insert into researcher_on_project (researcher_id, project_id) values (53, 45);
insert into researcher_on_project (researcher_id, project_id) values (53, 9);
insert into researcher_on_project (researcher_id, project_id) values (54, 27);
insert into researcher_on_project (researcher_id, project_id) values (54, 16);
insert into researcher_on_project (researcher_id, project_id) values (55, 45);
insert into researcher_on_project (researcher_id, project_id) values (55, 9);
insert into researcher_on_project (researcher_id, project_id) values (56, 43);
insert into researcher_on_project (researcher_id, project_id) values (56, 28);
insert into researcher_on_project (researcher_id, project_id) values (57, 45);
insert into researcher_on_project (researcher_id, project_id) values (57, 9);
insert into researcher_on_project (researcher_id, project_id) values (58, 11);
insert into researcher_on_project (researcher_id, project_id) values (58, 12);
insert into researcher_on_project (researcher_id, project_id) values (59, 8);
insert into researcher_on_project (researcher_id, project_id) values (59, 43);
insert into researcher_on_project (researcher_id, project_id) values (60, 41);
insert into researcher_on_project (researcher_id, project_id) values (61, 9);
insert into researcher_on_project (researcher_id, project_id) values (62, 53);
insert into researcher_on_project (researcher_id, project_id) values (62, 15);
insert into researcher_on_project (researcher_id, project_id) values (63, 45);
insert into researcher_on_project (researcher_id, project_id) values (63, 9);
insert into researcher_on_project (researcher_id, project_id) values (64, 27);
insert into researcher_on_project (researcher_id, project_id) values (64, 16);
insert into researcher_on_project (researcher_id, project_id) values (65, 43);
insert into researcher_on_project (researcher_id, project_id) values (65, 28);
insert into researcher_on_project (researcher_id, project_id) values (66, 49);
insert into researcher_on_project (researcher_id, project_id) values (67, 29);
insert into researcher_on_project (researcher_id, project_id) values (68, 29);
insert into researcher_on_project (researcher_id, project_id) values (69, 49);
insert into researcher_on_project (researcher_id, project_id) values (70, 53);
insert into researcher_on_project (researcher_id, project_id) values (70, 15);
insert into researcher_on_project (researcher_id, project_id) values (71, 27);
insert into researcher_on_project (researcher_id, project_id) values (71, 16);
insert into researcher_on_project (researcher_id, project_id) values (72, 8);
insert into researcher_on_project (researcher_id, project_id) values (72, 28);
insert into researcher_on_project (researcher_id, project_id) values (73, 29);
insert into researcher_on_project (researcher_id, project_id) values (74, 9);
insert into researcher_on_project (researcher_id, project_id) values (74, 45);
insert into researcher_on_project (researcher_id, project_id) values (75, 8);
insert into researcher_on_project (researcher_id, project_id) values (76, 21);
insert into researcher_on_project (researcher_id, project_id) values (76, 7);
insert into researcher_on_project (researcher_id, project_id) values (77, 49);
insert into researcher_on_project (researcher_id, project_id) values (78, 8);
insert into researcher_on_project (researcher_id, project_id) values (79, 29);
insert into researcher_on_project (researcher_id, project_id) values (80, 9);
insert into researcher_on_project (researcher_id, project_id) values (81, 43);
insert into researcher_on_project (researcher_id, project_id) values (81, 8);
insert into researcher_on_project (researcher_id, project_id) values (82, 41);
insert into researcher_on_project (researcher_id, project_id) values (83, 28);
insert into researcher_on_project (researcher_id, project_id) values (83, 8);
insert into researcher_on_project (researcher_id, project_id) values (84, 29);
insert into researcher_on_project (researcher_id, project_id) values (85, 41);
insert into researcher_on_project (researcher_id, project_id) values (86, 55);
insert into researcher_on_project (researcher_id, project_id) values (86, 7);
insert into researcher_on_project (researcher_id, project_id) values (87, 41);
insert into researcher_on_project (researcher_id, project_id) values (88, 41);
insert into researcher_on_project (researcher_id, project_id) values (89, 45);
insert into researcher_on_project (researcher_id, project_id) values (89, 9);
insert into researcher_on_project (researcher_id, project_id) values (90, 53);
insert into researcher_on_project (researcher_id, project_id) values (90, 12);
insert into researcher_on_project (researcher_id, project_id) values (91, 45);
insert into researcher_on_project (researcher_id, project_id) values (91, 9);
insert into researcher_on_project (researcher_id, project_id) values (92, 9);
insert into researcher_on_project (researcher_id, project_id) values (93, 16);
insert into researcher_on_project (researcher_id, project_id) values (93, 27);
insert into researcher_on_project (researcher_id, project_id) values (94, 49);
insert into researcher_on_project (researcher_id, project_id) values (95, 49);
insert into researcher_on_project (researcher_id, project_id) values (96, 43);
insert into researcher_on_project (researcher_id, project_id) values (96, 8);
insert into researcher_on_project (researcher_id, project_id) values (97, 16);
insert into researcher_on_project (researcher_id, project_id) values (98, 11);
insert into researcher_on_project (researcher_id, project_id) values (98, 53);
insert into researcher_on_project (researcher_id, project_id) values (99, 27);
insert into researcher_on_project (researcher_id, project_id) values (99, 16);
insert into researcher_on_project (researcher_id, project_id) values (100, 53);
insert into researcher_on_project (researcher_id, project_id) values (100, 11);
insert into researcher_on_project (researcher_id, project_id) values (101, 8);
insert into researcher_on_project (researcher_id, project_id) values (101, 28);
insert into researcher_on_project (researcher_id, project_id) values (102, 16);
insert into researcher_on_project (researcher_id, project_id) values (103, 41);
insert into researcher_on_project (researcher_id, project_id) values (104, 29);
insert into researcher_on_project (researcher_id, project_id) values (105, 2);
insert into researcher_on_project (researcher_id, project_id) values (105, 7);
insert into researcher_on_project (researcher_id, project_id) values (106, 11);
insert into researcher_on_project (researcher_id, project_id) values (106, 15);
insert into researcher_on_project (researcher_id, project_id) values (107, 41);
insert into researcher_on_project (researcher_id, project_id) values (108, 12);
insert into researcher_on_project (researcher_id, project_id) values (108, 15);
insert into researcher_on_project (researcher_id, project_id) values (109, 9);
insert into researcher_on_project (researcher_id, project_id) values (109, 45);
insert into researcher_on_project (researcher_id, project_id) values (110, 49);
insert into researcher_on_project (researcher_id, project_id) values (110, 29);
insert into researcher_on_project (researcher_id, project_id) values (111, 1);
insert into researcher_on_project (researcher_id, project_id) values (112, 3);
insert into researcher_on_project (researcher_id, project_id) values (113, 4);
insert into researcher_on_project (researcher_id, project_id) values (114, 5);
insert into researcher_on_project (researcher_id, project_id) values (115, 6);
insert into researcher_on_project (researcher_id, project_id) values (116, 10);
insert into researcher_on_project (researcher_id, project_id) values (117, 13);
insert into researcher_on_project (researcher_id, project_id) values (116, 14);
insert into researcher_on_project (researcher_id, project_id) values (118, 17);
insert into researcher_on_project (researcher_id, project_id) values (119, 18);
insert into researcher_on_project (researcher_id, project_id) values (120, 19);
insert into researcher_on_project (researcher_id, project_id) values (118, 20);
insert into researcher_on_project (researcher_id, project_id) values (118, 23);
insert into researcher_on_project (researcher_id, project_id) values (120, 24);
insert into researcher_on_project (researcher_id, project_id) values (121, 25);
insert into researcher_on_project (researcher_id, project_id) values (122, 26);
insert into researcher_on_project (researcher_id, project_id) values (113, 30);
insert into researcher_on_project (researcher_id, project_id) values (120, 31);
insert into researcher_on_project (researcher_id, project_id) values (123, 32);
insert into researcher_on_project (researcher_id, project_id) values (117, 34);
insert into researcher_on_project (researcher_id, project_id) values (124, 35);
insert into researcher_on_project (researcher_id, project_id) values (114, 37);
insert into researcher_on_project (researcher_id, project_id) values (114, 39);
insert into researcher_on_project (researcher_id, project_id) values (115, 42);
insert into researcher_on_project (researcher_id, project_id) values (125, 44);
insert into researcher_on_project (researcher_id, project_id) values (115, 46);
insert into researcher_on_project (researcher_id, project_id) values (126, 47);
insert into researcher_on_project (researcher_id, project_id) values (114, 48);
insert into researcher_on_project (researcher_id, project_id) values (124, 50);
insert into researcher_on_project (researcher_id, project_id) values (111, 51);
insert into researcher_on_project (researcher_id, project_id) values (117, 52);
insert into researcher_on_project (researcher_id, project_id) values (126, 54);
insert into researcher_on_project (researcher_id, project_id) values (127, 56);
insert into researcher_on_project (researcher_id, project_id) values (116, 58);
insert into researcher_on_project (researcher_id, project_id) values (118, 59);
insert into researcher_on_project (researcher_id, project_id) values (128, 60);
insert into researcher_on_project (researcher_id, project_id) values (11, 61);
insert into researcher_on_project (researcher_id, project_id) values (11, 62);
insert into researcher_on_project (researcher_id, project_id) values (11, 63);
insert into researcher_on_project (researcher_id, project_id) values (129, 22);
insert into researcher_on_project (researcher_id, project_id) values (129, 36);
insert into researcher_on_project (researcher_id, project_id) values (129, 57);

insert into scientific_field_of (sf_subject, project_id) values ('Επιστήμη Δεδομένων', 1);
insert into scientific_field_of (sf_subject, project_id) values ('Επιστήμη Δεδομένων', 2);
insert into scientific_field_of (sf_subject, project_id) values ('Επιστήμη Δεδομένων', 3);
insert into scientific_field_of (sf_subject, project_id) values ('Επιστήμη Δεδομένων', 4);
insert into scientific_field_of (sf_subject, project_id) values ('Επιστήμη Δεδομένων', 5);
insert into scientific_field_of (sf_subject, project_id) values ('Επιστήμη Δεδομένων', 6);
insert into scientific_field_of (sf_subject, project_id) values ('Επιστήμη Δεδομένων', 7);
insert into scientific_field_of (sf_subject, project_id) values ('Επιστήμη Δεδομένων', 8);
insert into scientific_field_of (sf_subject, project_id) values ('Επιστήμη Δεδομένων', 9);
insert into scientific_field_of (sf_subject, project_id) values ('Επιστήμη Δεδομένων', 10);
insert into scientific_field_of (sf_subject, project_id) values ('Επιστήμη Δεδομένων', 11);
insert into scientific_field_of (sf_subject, project_id) values ('Επιστήμη Δεδομένων', 12);
insert into scientific_field_of (sf_subject, project_id) values ('Επιστήμη Δεδομένων', 13);
insert into scientific_field_of (sf_subject, project_id) values ('Επιστήμη Δεδομένων', 14);
insert into scientific_field_of (sf_subject, project_id) values ('Επιστήμη Δεδομένων', 15);
insert into scientific_field_of (sf_subject, project_id) values ('Τεχνητή Νοημοσύνη', 11);
insert into scientific_field_of (sf_subject, project_id) values ('Τεχνητή Νοημοσύνη', 12);
insert into scientific_field_of (sf_subject, project_id) values ('Τεχνητή Νοημοσύνη', 13);
insert into scientific_field_of (sf_subject, project_id) values ('Τεχνητή Νοημοσύνη', 14);
insert into scientific_field_of (sf_subject, project_id) values ('Τεχνητή Νοημοσύνη', 15);
insert into scientific_field_of (sf_subject, project_id) values ('Τεχνητή Νοημοσύνη', 16);
insert into scientific_field_of (sf_subject, project_id) values ('Τεχνητή Νοημοσύνη', 17);
insert into scientific_field_of (sf_subject, project_id) values ('Τεχνητή Νοημοσύνη', 18);
insert into scientific_field_of (sf_subject, project_id) values ('Τεχνητή Νοημοσύνη', 19);
insert into scientific_field_of (sf_subject, project_id) values ('Τεχνητή Νοημοσύνη', 20);
insert into scientific_field_of (sf_subject, project_id) values ('Τεχνητή Νοημοσύνη', 21);
insert into scientific_field_of (sf_subject, project_id) values ('Τεχνητή Νοημοσύνη', 22);
insert into scientific_field_of (sf_subject, project_id) values ('Χρηματοοικονομικά', 23);
insert into scientific_field_of (sf_subject, project_id) values ('Τεχνητή Νοημοσύνη', 23);
insert into scientific_field_of (sf_subject, project_id) values ('Τεχνητή Νοημοσύνη', 24);
insert into scientific_field_of (sf_subject, project_id) values ('Τεχνητή Νοημοσύνη', 25);
insert into scientific_field_of (sf_subject, project_id) values ('Μάρκετινγκ', 26);
insert into scientific_field_of (sf_subject, project_id) values ('Γεωλογία', 52);
insert into scientific_field_of (sf_subject, project_id) values ('Φυσική', 51);
insert into scientific_field_of (sf_subject, project_id) values ('Μάρκετινγκ', 27);
insert into scientific_field_of (sf_subject, project_id) values ('Ενέργεια', 41);
insert into scientific_field_of (sf_subject, project_id) values ('Ενέργεια', 42);
insert into scientific_field_of (sf_subject, project_id) values ('Logistics', 50);
insert into scientific_field_of (sf_subject, project_id) values ('Υλικά', 52);
insert into scientific_field_of (sf_subject, project_id) values ('Εφαρμοσμένα Μαθηματικά', 36);
insert into scientific_field_of (sf_subject, project_id) values ('Τεχνητή Νοημοσύνη', 36);
insert into scientific_field_of (sf_subject, project_id) values ('Αστρονομία', 53);
insert into scientific_field_of (sf_subject, project_id) values ('Φυσική', 54);
insert into scientific_field_of (sf_subject, project_id) values ('Βιοπληροφορική', 55);
insert into scientific_field_of (sf_subject, project_id) values ('Ρευστομηχανική', 52);
insert into scientific_field_of (sf_subject, project_id) values ('Ενέργεια', 43);
insert into scientific_field_of (sf_subject, project_id) values ('Υλικά', 44);
insert into scientific_field_of (sf_subject, project_id) values ('Ωκεανογραφία', 28);
insert into scientific_field_of (sf_subject, project_id) values ('Φαρμακευτική', 29);
insert into scientific_field_of (sf_subject, project_id) values ('Φαρμακευτική', 30);
insert into scientific_field_of (sf_subject, project_id) values ('Φυσική', 31);
insert into scientific_field_of (sf_subject, project_id) values ('Τηλεπικοινωνίες', 32);
insert into scientific_field_of (sf_subject, project_id) values ('Εφαρμοσμένα Μαθηματικά', 33);
insert into scientific_field_of (sf_subject, project_id) values ('Επιστήμη Δεδομένων', 34);
insert into scientific_field_of (sf_subject, project_id) values ('Φυσική', 35);
insert into scientific_field_of (sf_subject, project_id) values ('Υλικά', 36);
insert into scientific_field_of (sf_subject, project_id) values ('Διοίκηση Επιχειρήσεων', 37);
insert into scientific_field_of (sf_subject, project_id) values ('Μετεωρολογία', 38);
insert into scientific_field_of (sf_subject, project_id) values ('Γεωλογία', 39);
insert into scientific_field_of (sf_subject, project_id) values ('Διοίκηση Επιχειρήσεων', 40);
insert into scientific_field_of (sf_subject, project_id) values ('Γεωλογία', 41);
insert into scientific_field_of (sf_subject, project_id) values ('Μετεωρολογία', 42);
insert into scientific_field_of (sf_subject, project_id) values ('Γεωπονία', 43);
insert into scientific_field_of (sf_subject, project_id) values ('Διοίκηση Επιχειρήσεων', 44);
insert into scientific_field_of (sf_subject, project_id) values ('Ωκεανογραφία', 45);
insert into scientific_field_of (sf_subject, project_id) values ('Επιστήμη Δεδομένων', 46);
insert into scientific_field_of (sf_subject, project_id) values ('Γεωλογία', 47);
insert into scientific_field_of (sf_subject, project_id) values ('Χρηματοοικονομικά', 48);
insert into scientific_field_of (sf_subject, project_id) values ('Εφαρμοσμένα Μαθηματικά', 49);
insert into scientific_field_of (sf_subject, project_id) values ('Αεροναυπηγική', 50);
insert into scientific_field_of (sf_subject, project_id) values ('Γενετική', 51);
insert into scientific_field_of (sf_subject, project_id) values ('Ωκεανογραφία', 53);
insert into scientific_field_of (sf_subject, project_id) values ('Ενέργεια', 54);
insert into scientific_field_of (sf_subject, project_id) values ('Βιολογία', 55);
insert into scientific_field_of (sf_subject, project_id) values ('Βιοπληροφορική', 56);
insert into scientific_field_of (sf_subject, project_id) values ('Αεροναυπηγική', 57);
insert into scientific_field_of (sf_subject, project_id) values ('Γεωπληροφορική', 58);
insert into scientific_field_of (sf_subject, project_id) values ('Τηλεπικοινωνίες', 59);
insert into scientific_field_of (sf_subject, project_id) values ('Αεροναυπηγική', 60);
insert into scientific_field_of (sf_subject, project_id) values ('Αεροναυπηγική', 59);
insert into scientific_field_of (sf_subject, project_id) values ('Μάρκετινγκ', 50);
insert into scientific_field_of (sf_subject, project_id) values ('Διοίκηση Επιχειρήσεων', 26);
insert into scientific_field_of (sf_subject, project_id) values ('Logistics', 28);
insert into scientific_field_of (sf_subject, project_id) values ('Διοίκηση Επιχειρήσεων', 60);
insert into scientific_field_of (sf_subject, project_id) values ('Γεωπονία', 32);
insert into scientific_field_of (sf_subject, project_id) values ('Χρηματοοικονομικά', 43);
insert into scientific_field_of (sf_subject, project_id) values ('Αστρονομία', 44);
insert into scientific_field_of (sf_subject, project_id) values ('Ρευστομηχανική', 48);
insert into scientific_field_of (sf_subject, project_id) values ('Τηλεπικοινωνίες', 33);
insert into scientific_field_of (sf_subject, project_id) values ('Γενετική', 59);
insert into scientific_field_of (sf_subject, project_id) values ('Επιστήμη Δεδομένων', 21);
insert into scientific_field_of (sf_subject, project_id) values ('Τεχνητή Νοημοσύνη', 46);
insert into scientific_field_of (sf_subject, project_id) values ('Logistics', 27);
insert into scientific_field_of (sf_subject, project_id) values ('Τηλεπικοινωνίες', 51);
insert into scientific_field_of (sf_subject, project_id) values ('Αεροναυπηγική', 15);
insert into scientific_field_of (sf_subject, project_id) values ('Ενέργεια', 40);
insert into scientific_field_of (sf_subject, project_id) values ('Αεροναυπηγική', 37);
insert into scientific_field_of (sf_subject, project_id) values ('Βιοπληροφορική', 25);
insert into scientific_field_of (sf_subject, project_id) values ('Ρευστομηχανική', 57);
insert into scientific_field_of (sf_subject, project_id) values ('Γενετική', 24);
insert into scientific_field_of (sf_subject, project_id) values ('Μετεωρολογία', 27);
insert into scientific_field_of (sf_subject, project_id) values ('Υλικά', 27);
insert into scientific_field_of (sf_subject, project_id) values ('Χρηματοοικονομικά', 59);
insert into scientific_field_of (sf_subject, project_id) values ('Εφαρμοσμένα Μαθηματικά', 43);
insert into scientific_field_of (sf_subject, project_id) values ('Γεωπληροφορική', 32);
insert into scientific_field_of (sf_subject, project_id) values ('Χρηματοοικονομικά', 57);
insert into scientific_field_of (sf_subject, project_id) values ('Φυσική', 26);
insert into scientific_field_of (sf_subject, project_id) values ('Βιοπληροφορική', 57);
insert into scientific_field_of (sf_subject, project_id) values ('Τηλεπικοινωνίες', 57);
insert into scientific_field_of (sf_subject, project_id) values ('Επιστήμη Δεδομένων', 60);
insert into scientific_field_of (sf_subject, project_id) values ('Επιστήμη Δεδομένων', 48);
insert into scientific_field_of (sf_subject, project_id) values ('Ωκεανογραφία', 32);
insert into scientific_field_of (sf_subject, project_id) values ('Τεχνολογία Τροφίφων', 57);
