insert into organisation (org_name, abbreviation, street, street_number, postal_code, city, category) values ('Οικονομικό Πανεπιστήμιο Αθηνών', 'ΟΠΑ', '28ης Οκτωβρίου', '76', '10434', 'Αθήνα', 'university');
insert into organisation (org_name, abbreviation, street, street_number, postal_code, city, category) values ('Ναυπηγεία Ελευσίνας', 'ΝΑΥΕΛ', 'ΠΕΟ Αθηνών-Κορίνθου', NULL, '19200', 'Ελευσίνα', 'corporation');
insert into organisation (org_name, abbreviation, street, street_number, postal_code, city, category) values ('Πανεπιστήμιο Δυτικής Μακεδονίας', 'ΠΔΜ', 'Κοίλα', NULL, '50100', 'Κοζάνη', 'university');
insert into organisation (org_name, abbreviation, street, street_number, postal_code, city, category) values ('Πανεπιστήμιο Πατρών', 'ΠΑΤΡ', 'Πανεπιστημιούπολη Πατρών', NULL, '26504','Ρίο', 'university');
insert into organisation (org_name, abbreviation, street, street_number, postal_code, city, category) values ('Πολυτεχνείο Κρήτης', 'ΠΚ', 'Πολυτεχνειούπολη Χανίων', NULL, '73100', 'Ακρωτήρι', 'university');
insert into organisation (org_name, abbreviation, street, street_number, postal_code, city, category) values ('Δωδώνη', 'ΔΩΔ', 'Ταγματάρχη Κωστάκη', '1', '45500', 'Ελεούσα', 'corporation');
insert into organisation (org_name, abbreviation, street, street_number, postal_code, city, category) values ('ΤΙΤΑΝ', 'ΤΙΤ', 'Χαλκίδος', '22', '11143', 'Αθήνα', 'corporation');
insert into organisation (org_name, abbreviation, street, street_number, postal_code, city, category) values ('Εθνικό Μετσόβιο Πολυτεχνείο', 'ΕΜΠ', 'Ηρώων Πολυτεχνείου', '9', '15780', 'Ζωγράφου', 'university');
insert into organisation (org_name, abbreviation, street, street_number, postal_code, city, category) values ('Πανεπιστήμιο Θεσσαλίας', 'ΠΑΘΕ', 'Αργοναυτών & Φιλελλήνων', NULL, '38221', 'Βόλος', 'university');
insert into organisation (org_name, abbreviation, street, street_number, postal_code, city, category) values ('Αριστοτέλειο Πανεπιστήμιο Θεσσαλονίκης', 'ΑΠΘ', 'Αγ. Δημητρίου', NULL, '54124', 'Θεσσαλονίκη', 'univesity');
insert into organisation (org_name, abbreviation, street, street_number, postal_code, city, category) values ('Εθνικό Δίκτυο Έρευνας και Τεχνολογίας', 'ΕΔΥΤΕ', 'Λ. Κηφισίας', '7', '11523', 'Αθήνα', 'research_center');
insert into organisation (org_name, abbreviation, street, street_number, postal_code, city, category) values ('Ελληνικά Πετρέλαια','ΕΛΠΕ','Χειμάρρας', '8', '15125', 'Μαρούσι', 'corporation');
insert into organisation (org_name, abbreviation, street, street_number, postal_code, city, category) values ('Πανεπιστήμιο Αιγαίου', 'ΠΑ', 'Λόφος Πανεπιστημίου', NULL,'81100','Μυτιλήνη', 'university');
insert into organisation (org_name, abbreviation, street, street_number, postal_code, city, category) values ('Vodafone', 'VOD', 'Τζαβέλλα', '3', '15231', 'Χαλάνδρι', 'corporation');
insert into organisation (org_name, abbreviation, street, street_number, postal_code, city, category) values ('Olympia Electronics', 'OE', '72ο χλμ ΠΕΟ Θεσ-Κατ',NULL, '60300', 'Αιγίνιο', 'corporation');
insert into organisation (org_name, abbreviation, street, street_number, postal_code, city, category) values ('Ελληνική Βιομηχανία Οχημάτων', 'ΕΛΒΟ', 'ΒΙΠΕ Σίνδου', NULL, '57022', 'Σίνδος', 'corporation');
insert into organisation (org_name, abbreviation, street, street_number, postal_code, city, category) values ('PFIZER Ελλάδος', 'PFZR', 'Λ. Μεσογείων', '243', '15451', 'Νέο Ψυχικό', 'university');
insert into organisation (org_name, abbreviation, street, street_number, postal_code, city, category) values ('Πανεπιστήμιο Ιωαννίνων', 'ΠΙ', 'Πανεπιστημιούπολη Ιωαννίνων', NULL, '45110', 'Ιωάννινα', 'university');
insert into organisation (org_name, abbreviation, street, street_number, postal_code, city, category) values ('Motor Oil', 'MOTR', 'Ηρώδου Αττικού', '12', '15124', 'Μαρούσι', 'corporation');
insert into organisation (org_name, abbreviation, street, street_number, postal_code, city, category) values ('Δημοκρίτειο Πανεπιστήμιο Θράκης', 'ΔΠΘ', 'Πανεπιστημιούπολη Κομοτηνής', NULL, '69100', 'Κομοτηνή', 'university');
insert into organisation (org_name, abbreviation, street, street_number, postal_code, city, category) values ('Δημόκριτος', 'ΕΚΕΦΕ', 'Πατρ. Γρηγορίου & Νεαπόλεως', '27', '15341', 'Αγία Παρασκευή', 'research_center');
insert into organisation (org_name, abbreviation, street, street_number, postal_code, city, category) values ('Πανεπιστήμιο Δυτικής Αττικής', 'ΠΑΔΑ', 'Αγίου Σπυρίδωνος', '28', '12243', 'Αιγάλεω', 'university');
insert into organisation (org_name, abbreviation, street, street_number, postal_code, city, category) values ('Ιόνιο Πανεπιστήμιο', 'ΙΟΝΙΟ', 'Ιωάννου Θεοτόκη', '72', '49100', 'Κέρκυρα', 'university');
insert into organisation (org_name, abbreviation, street, street_number, postal_code, city, category) values ('Πανεπιστήμιο Κρήτης', 'ΠΚΡ', 'Πανεπιστημιούπολη Βουτών', NULL, '70013', 'Ηράκλειο', 'university');
insert into organisation (org_name, abbreviation, street, street_number, postal_code, city, category) values ('Διεθνές Πανεπιστήμιο Ελλάδος', 'ΔΙΠΑΕ', '14o χλμ Θεσσαλονίκης-Ν. Μουδανιών', NULL, '57001', 'Θεσσαλονίκη', 'university');
insert into organisation (org_name, abbreviation, street, street_number, postal_code, city, category) values ('COSMOTE', 'ΟΤΕ', 'Λ. Κηφισίας', '99', '15124', 'Μαρούσι', 'corporation');
insert into organisation (org_name, abbreviation, street, street_number, postal_code, city, category) values ('Ινστιτούτο Παστέρ', 'ΕΙΠ', 'Βασ. Σοφίας', '127', '11521', 'Αθήνα', 'research_center');
insert into organisation (org_name, abbreviation, street, street_number, postal_code, city, category) values ('Εθνικό Αστεροσκοπείο Αθηνών', 'ΕΑΕ', 'Λόφος Νυμφών', NULL, '11810', 'Αθήνα', 'research_center');
insert into organisation (org_name, abbreviation, street, street_number, postal_code, city, category) values ('Ανεξάρτητος Διαχειριστής Μεταφοράς Ηλεκτρικής Ενέργειας', 'ΑΔΜΗΕ', 'Δυρραχίου', '89', '10443', 'Αθήνα', 'corporation');
insert into organisation (org_name, abbreviation, street, street_number, postal_code, city, category) values ('ΕΛΒΑΛΧΑΛΚΟΡ', 'ΕΛΧΑ', 'Μεσογείων', '2', '11527', 'Αθήνα', 'corporation');
insert into organisation (org_name, abbreviation, street, street_number, postal_code, city, category) values ('Ελληνικό Κέντρο Θαλασσίων Ερευνών', 'ΕΛΚΕΘΕ', 'Ακτή Μιαούλη', '13', '11227', 'Πειραιάς', 'research_center');
insert into organisation (org_name, abbreviation, street, street_number, postal_code, city, category) values ('Ίδρυμα Τεχνολογίας και Έρευνας', 'ΙΚΕ', 'Νικολάου Πλαστήρα',  '100', '70013', 'Ηράκλειο', 'research_center');

insert into telephone_number (t_number, org_name) values ('2101021545', 'COSMOTE');
insert into telephone_number (t_number, org_name) values ('2108432417', 'Εθνικό Αστεροσκοπείο Αθηνών');
insert into telephone_number (t_number, org_name) values ('2353054028', 'Olympia Electronics');
insert into telephone_number (t_number, org_name) values ('2353022418', 'Olympia Electronics');
insert into telephone_number (t_number, org_name) values ('2661089744', 'Ιόνιο Πανεπιστήμιο');
insert into telephone_number (t_number, org_name) values ('2610343656', 'Πανεπιστήμιο Πατρών');
insert into telephone_number (t_number, org_name) values ('2101866479', 'Vodafone');
insert into telephone_number (t_number, org_name) values ('2325051993', 'Πανεπιστήμιο Κρήτης');
insert into telephone_number (t_number, org_name) values ('2106491775', 'ΤΙΤΑΝ');
insert into telephone_number (t_number, org_name) values ('2101760663', 'PFIZER Ελλάδος');
insert into telephone_number (t_number, org_name) values ('2101393832', 'PFIZER Ελλάδος');
insert into telephone_number (t_number, org_name) values ('2104594152', 'Motor Oil');
insert into telephone_number (t_number, org_name) values ('2100921474', 'ΤΙΤΑΝ');
insert into telephone_number (t_number, org_name) values ('2461053131', 'Πανεπιστήμιο Δυτικής Μακεδονίας');
insert into telephone_number (t_number, org_name) values ('2251097311', 'Πανεπιστήμιο Αιγαίου');
insert into telephone_number (t_number, org_name) values ('2251097312', 'Πανεπιστήμιο Αιγαίου');
insert into telephone_number (t_number, org_name) values ('2100436391', 'Εθνικό Δίκτυο Έρευνας και Τεχνολογίας');
insert into telephone_number (t_number, org_name) values ('2107627661', 'Εθνικό Μετσόβιο Πολυτεχνείο');
insert into telephone_number (t_number, org_name) values ('2107328620', 'Δημόκριτος');
insert into telephone_number (t_number, org_name) values ('2100577433', 'Πανεπιστήμιο Δυτικής Αττικής');
insert into telephone_number (t_number, org_name) values ('2531076124', 'Δημοκρίτειο Πανεπιστήμιο Θράκης');
insert into telephone_number (t_number, org_name) values ('2651023229', 'Πανεπιστήμιο Ιωαννίνων');
insert into telephone_number (t_number, org_name) values ('2107215736', 'Ελληνικό Κέντρο Θαλασσίων Ερευνών');
insert into telephone_number (t_number, org_name) values ('2106582378', 'COSMOTE');
insert into telephone_number (t_number, org_name) values ('2103420985', 'Δημόκριτος');
insert into telephone_number (t_number, org_name) values ('2108491092', 'COSMOTE');
insert into telephone_number (t_number, org_name) values ('2410516126', 'Πανεπιστήμιο Θεσσαλίας');
insert into telephone_number (t_number, org_name) values ('2310464398', 'Διεθνές Πανεπιστήμιο Ελλάδος');
insert into telephone_number (t_number, org_name) values ('2651054520', 'Πανεπιστήμιο Ιωαννίνων');
insert into telephone_number (t_number, org_name) values ('2103426126', 'ΕΛΒΑΛΧΑΛΚΟΡ');
insert into telephone_number (t_number, org_name) values ('2104546473', 'Εθνικό Αστεροσκοπείο Αθηνών');
insert into telephone_number (t_number, org_name) values ('2102749995', 'Εθνικό Μετσόβιο Πολυτεχνείο');
insert into telephone_number (t_number, org_name) values ('2102490387', 'Εθνικό Αστεροσκοπείο Αθηνών');
insert into telephone_number (t_number, org_name) values ('2103141793', 'COSMOTE');
insert into telephone_number (t_number, org_name) values ('2353067198', 'Olympia Electronics');
insert into telephone_number (t_number, org_name) values ('2100231566', 'Πανεπιστήμιο Θεσσαλίας');
insert into telephone_number (t_number, org_name) values ('2461022912', 'Πανεπιστήμιο Δυτικής Μακεδονίας');
insert into telephone_number (t_number, org_name) values ('2325085112', 'Πανεπιστήμιο Κρήτης');
insert into telephone_number (t_number, org_name) values ('2353085714', 'Olympia Electronics');
insert into telephone_number (t_number, org_name) values ('2410820317', 'Πανεπιστήμιο Θεσσαλίας');
insert into telephone_number (t_number, org_name) values ('2100435218', 'PFIZER Ελλάδος');
insert into telephone_number (t_number, org_name) values ('2108574682', 'ΕΛΒΑΛΧΑΛΚΟΡ');
insert into telephone_number (t_number, org_name) values ('2651048592', 'Δωδώνη');
insert into telephone_number (t_number, org_name) values ('2107288800', 'Εθνικό Μετσόβιο Πολυτεχνείο');
insert into telephone_number (t_number, org_name) values ('2353079920', 'Olympia Electronics');
insert into telephone_number (t_number, org_name) values ('2109622637', 'Οικονομικό Πανεπιστήμιο Αθηνών');
insert into telephone_number (t_number, org_name) values ('2531058892', 'Δημοκρίτειο Πανεπιστήμιο Θράκης');
insert into telephone_number (t_number, org_name) values ('2410431400', 'Πανεπιστήμιο Θεσσαλίας');
insert into telephone_number (t_number, org_name) values ('2101170774', 'Εθνικό Δίκτυο Έρευνας και Τεχνολογίας');
insert into telephone_number (t_number, org_name) values ('2109452451', 'Ανεξάρτητος Διαχειριστής Μεταφοράς Ηλεκτρικής Ενέργειας');

insert into researcher (researcher_name, researcher_surname, gender, date_of_birth, org_name, contract_date) values ('Περικλής', 'Τάτσης', 'M', '1965-08-23 08:07:56', 'Εθνικό Αστεροσκοπείο Αθηνών', '2015-11-27 06:24:09');
insert into researcher (researcher_name, researcher_surname, gender, date_of_birth, org_name, contract_date) values ('Ηλίας', 'Γαϊτανίδης', 'M', '1995-11-29 03:02:28', 'Πανεπιστήμιο Δυτικής Αττικής', '2017-06-14 08:43:37');
insert into researcher (researcher_name, researcher_surname, gender, date_of_birth, org_name, contract_date) values ('Αναστάσιος', 'Πουλόπουλος', 'M', '1986-07-03 09:21:25', 'Πανεπιστήμιο Κρήτης', '2003-07-29 14:37:16');
insert into researcher (researcher_name, researcher_surname, gender, date_of_birth, org_name, contract_date) values ('Αθανάσιος', 'Ιωάννου', 'M', '1989-09-14 11:17:34', 'Εθνικό Αστεροσκοπείο Αθηνών', '2017-01-19 01:19:50');
insert into researcher (researcher_name, researcher_surname, gender, date_of_birth, org_name, contract_date) values ('Περικλής', 'Δασκαλάκης', 'M', '1985-08-16 00:02:21', 'Πανεπιστήμιο Δυτικής Αττικής', '2015-06-18 04:29:26');
insert into researcher (researcher_name, researcher_surname, gender, date_of_birth, org_name, contract_date) values ('Σωκράτης', 'Σαμαράκης', 'M', '1968-08-20 06:00:51', 'Πανεπιστήμιο Κρήτης', '1998-01-04 03:33:16');
insert into researcher (researcher_name, researcher_surname, gender, date_of_birth, org_name, contract_date) values ('Συμεών', 'Δημητριάδης', 'M', '1966-10-27 12:40:14', 'Εθνικό Μετσόβιο Πολυτεχνείο', '2012-07-15 06:14:51');
insert into researcher (researcher_name, researcher_surname, gender, date_of_birth, org_name, contract_date) values ('Γιάνης', 'Δασκαλάκης', 'M', '1978-11-16 08:00:30', 'Εθνικό Αστεροσκοπείο Αθηνών', '2002-07-26 14:52:18');
insert into researcher (researcher_name, researcher_surname, gender, date_of_birth, org_name, contract_date) values ('Περικλής', 'Ξενίκας', 'M', '1962-02-11 15:05:46', 'Πανεπιστήμιο Δυτικής Αττικής', '2006-10-23 08:58:00');
insert into researcher (researcher_name, researcher_surname, gender, date_of_birth, org_name, contract_date) values ('Κιαμάλ', 'Σιώντης', 'M', '1990-12-29 21:19:07', 'Εθνικό Μετσόβιο Πολυτεχνείο', '2003-10-03 20:44:45');
insert into researcher (researcher_name, researcher_surname, gender, date_of_birth, org_name, contract_date) values ('Αναστάσιος', 'Ψάλτης', 'M', '1968-07-03 19:01:58', 'Δημόκριτος', '1999-08-11 03:28:40');
insert into researcher (researcher_name, researcher_surname, gender, date_of_birth, org_name, contract_date) values ('Γεώργιος', 'Δημητριάδης', 'M', '1997-01-19 12:12:21', 'Ιόνιο Πανεπιστήμιο', '2008-02-13 03:50:17');
insert into researcher (researcher_name, researcher_surname, gender, date_of_birth, org_name, contract_date) values ('Κιαμάλ', 'Παπαπάσχου', 'M', '1993-01-10 07:29:24', 'Εθνικό Αστεροσκοπείο Αθηνών', '2003-08-15 10:35:32');
insert into researcher (researcher_name, researcher_surname, gender, date_of_birth, org_name, contract_date) values ('Αναστάσιος', 'Δασκαλάκης', 'M', '1956-11-11 21:27:52', 'Διεθνές Πανεπιστήμιο Ελλάδος', '2002-12-30 18:36:02');
insert into researcher (researcher_name, researcher_surname, gender, date_of_birth, org_name, contract_date) values ('Νέστωρ', 'Ζαχαριάς', 'M', '1975-08-19 01:57:37', 'Αριστοτέλειο Πανεπιστήμιο Θεσσαλονίκης', '1996-04-10 13:16:10');
insert into researcher (researcher_name, researcher_surname, gender, date_of_birth, org_name, contract_date) values ('Παντελεήμων', 'Παπαδόπουλος', 'M', '1985-03-11 02:12:25', 'Πανεπιστήμιο Κρήτης', '2009-01-27 03:54:42');
insert into researcher (researcher_name, researcher_surname, gender, date_of_birth, org_name, contract_date) values ('Μιχαήλ', 'Κοτζιάς', 'M', '1970-12-18 07:14:54', 'Δημοκρίτειο Πανεπιστήμιο Θράκης', '2008-09-07 08:12:46');
insert into researcher (researcher_name, researcher_surname, gender, date_of_birth, org_name, contract_date) values ('Συμεών', 'Δασκαλάκης', 'M', '1977-01-02 07:09:09', 'Πανεπιστήμιο Κρήτης', '1997-08-27 18:18:51');
insert into researcher (researcher_name, researcher_surname, gender, date_of_birth, org_name, contract_date) values ('Νικόλαος', 'Παπαγεωργίου', 'M', '1989-05-18 06:26:06', 'Δημοκρίτειο Πανεπιστήμιο Θράκης', '2004-02-27 10:31:02');
insert into researcher (researcher_name, researcher_surname, gender, date_of_birth, org_name, contract_date) values ('Μάριος', 'Ιωαννίδης', 'M', '1959-05-13 20:30:49', 'Διεθνές Πανεπιστήμιο Ελλάδος', '2017-04-24 15:06:18');
insert into researcher (researcher_name, researcher_surname, gender, date_of_birth, org_name, contract_date) values ('Κρίτων', 'Σπυρόπουλος', 'M', '1956-02-27 09:36:00', 'Διεθνές Πανεπιστήμιο Ελλάδος', '2018-11-03 19:43:55');
insert into researcher (researcher_name, researcher_surname, gender, date_of_birth, org_name, contract_date) values ('Μάξιμος', 'Ιωάννου', 'M', '1964-08-23 04:46:35', 'Πανεπιστήμιο Κρήτης', '1995-10-03 05:17:58');
insert into researcher (researcher_name, researcher_surname, gender, date_of_birth, org_name, contract_date) values ('Ιορδάνης', 'Αποστολίδης', 'M', '1993-12-07 03:00:02', 'Δημοκρίτειο Πανεπιστήμιο Θράκης', '1999-09-27 02:10:31');
insert into researcher (researcher_name, researcher_surname, gender, date_of_birth, org_name, contract_date) values ('Ιγνάτιος', 'Δημητριάδης', 'M', '1988-03-20 07:25:25', 'Ιόνιο Πανεπιστήμιο', '2002-01-22 01:50:47');
insert into researcher (researcher_name, researcher_surname, gender, date_of_birth, org_name, contract_date) values ('Παντελεήμων', 'Κοτζιάς', 'M', '1968-02-06 11:12:44', 'Δημοκρίτειο Πανεπιστήμιο Θράκης', '2002-04-09 02:56:48');
insert into researcher (researcher_name, researcher_surname, gender, date_of_birth, org_name, contract_date) values ('Ιορδάνης', 'Αλταντζής', 'M', '1965-08-21 03:15:25', 'Δημοκρίτειο Πανεπιστήμιο Θράκης', '2007-12-26 04:16:53');
insert into researcher (researcher_name, researcher_surname, gender, date_of_birth, org_name, contract_date) values ('Παντελεήμων', 'Τάχιας', 'M', '1987-08-14 12:30:20', 'Ιόνιο Πανεπιστήμιο', '2019-04-16 04:57:07');
insert into researcher (researcher_name, researcher_surname, gender, date_of_birth, org_name, contract_date) values ('Ηρακλής', 'Παπακώστας', 'M', '1981-12-28 14:39:57', 'Ιόνιο Πανεπιστήμιο', '2014-07-18 02:49:38');
insert into researcher (researcher_name, researcher_surname, gender, date_of_birth, org_name, contract_date) values ('Βασίλειος', 'Καραϊσκάκης', 'M', '1959-08-18 17:03:28', 'Δημόκριτος', '2020-12-03 12:56:57');
insert into researcher (researcher_name, researcher_surname, gender, date_of_birth, org_name, contract_date) values ('Απόστολος', 'Καραϊσκάκης', 'M', '1981-06-05 01:38:34', 'Πανεπιστήμιο Κρήτης', '2017-10-19 01:30:32');
insert into researcher (researcher_name, researcher_surname, gender, date_of_birth, org_name, contract_date) values ('Συμεών', 'Αργυρίου', 'M', '1969-11-09 22:21:59', 'Εθνικό Αστεροσκοπείο Αθηνών', '2011-07-01 23:40:07');
insert into researcher (researcher_name, researcher_surname, gender, date_of_birth, org_name, contract_date) values ('Μιλτιάδης', 'Κάλλος', 'M', '1972-07-11 02:41:24', 'Ιόνιο Πανεπιστήμιο', '2021-07-24 12:00:44');
insert into researcher (researcher_name, researcher_surname, gender, date_of_birth, org_name, contract_date) values ('Μάξιμος', 'Πέτρου', 'M', '1968-11-16 19:54:43', 'Πανεπιστήμιο Κρήτης', '2019-05-29 12:42:15');
insert into researcher (researcher_name, researcher_surname, gender, date_of_birth, org_name, contract_date) values ('Σωτήριος', 'Τάχιας', 'M', '1985-07-05 19:38:41', 'Ιόνιο Πανεπιστήμιο', '2014-06-09 19:48:53');
insert into researcher (researcher_name, researcher_surname, gender, date_of_birth, org_name, contract_date) values ('Παντελεήμων', 'Μακάριος', 'M', '1959-01-03 04:23:02', 'Δημοκρίτειο Πανεπιστήμιο Θράκης', '2010-02-25 08:49:10');
insert into researcher (researcher_name, researcher_surname, gender, date_of_birth, org_name, contract_date) values ('Παναγιώτης', 'Αποστολίδης', 'M', '1978-02-14 01:59:31', 'Δημόκριτος', '2012-12-12 16:30:10');
insert into researcher (researcher_name, researcher_surname, gender, date_of_birth, org_name, contract_date) values ('Άγγελος', 'Δημητρίου', 'M', '1991-08-09 07:03:12', 'Πανεπιστήμιο Κρήτης', '2002-06-16 12:37:09');
insert into researcher (researcher_name, researcher_surname, gender, date_of_birth, org_name, contract_date) values ('Κιαμάλ', 'Παππάς', 'M', '1984-12-11 02:48:40', 'Πανεπιστήμιο Δυτικής Αττικής', '2018-09-02 04:57:13');
insert into researcher (researcher_name, researcher_surname, gender, date_of_birth, org_name, contract_date) values ('Σωτήριος', 'Γεωργιάδης', 'M', '1993-11-02 00:49:49', 'Πανεπιστήμιο Κρήτης', '1998-02-17 12:58:44');
insert into researcher (researcher_name, researcher_surname, gender, date_of_birth, org_name, contract_date) values ('Παντελεήμων', 'Γαϊτανίδης', 'M', '1981-06-14 18:39:22', 'Δημοκρίτειο Πανεπιστήμιο Θράκης', '2000-11-16 01:13:01');
insert into researcher (researcher_name, researcher_surname, gender, date_of_birth, org_name, contract_date) values ('Συμεών', 'Δημητρίου', 'M', '1956-07-06 12:49:53', 'Ιόνιο Πανεπιστήμιο', '2006-10-01 19:59:30');
insert into researcher (researcher_name, researcher_surname, gender, date_of_birth, org_name, contract_date) values ('Περικλής', 'Χαριστέας', 'M', '1982-05-06 13:12:51', 'Εθνικό Αστεροσκοπείο Αθηνών', '2020-11-30 02:06:58');
insert into researcher (researcher_name, researcher_surname, gender, date_of_birth, org_name, contract_date) values ('Κρίτων', 'Παπακώστας', 'M', '1966-06-25 13:48:30', 'Πανεπιστήμιο Κρήτης', '2007-03-04 14:09:23');
insert into researcher (researcher_name, researcher_surname, gender, date_of_birth, org_name, contract_date) values ('Νέστωρ', 'Κάλλος', 'M', '1975-09-24 04:36:26', 'Εθνικό Αστεροσκοπείο Αθηνών', '2006-02-04 21:00:48');
insert into researcher (researcher_name, researcher_surname, gender, date_of_birth, org_name, contract_date) values ('Νικόλαος', 'Ιωάννου', 'M', '1959-12-13 16:52:01', 'Εθνικό Αστεροσκοπείο Αθηνών', '2005-03-22 07:59:53');
insert into researcher (researcher_name, researcher_surname, gender, date_of_birth, org_name, contract_date) values ('Σωκράτης', 'Αναστασιάδης', 'M', '1990-04-16 21:38:18', 'Ιόνιο Πανεπιστήμιο', '1996-02-05 12:29:35');
insert into researcher (researcher_name, researcher_surname, gender, date_of_birth, org_name, contract_date) values ('Περικλής', 'Πέτρου', 'M', '1984-11-07 10:35:56', 'Εθνικό Αστεροσκοπείο Αθηνών', '1999-06-16 07:10:55');
insert into researcher (researcher_name, researcher_surname, gender, date_of_birth, org_name, contract_date) values ('Ιάκωβος', 'Γεωργάκης', 'M', '1997-11-18 06:45:25', 'Ιόνιο Πανεπιστήμιο', '2014-02-25 16:06:21');
insert into researcher (researcher_name, researcher_surname, gender, date_of_birth, org_name, contract_date) values ('Αναστάσιος', 'Κοτζιάς', 'M', '1969-04-19 23:28:36', 'Ιόνιο Πανεπιστήμιο', '2006-09-16 05:02:37');
insert into researcher (researcher_name, researcher_surname, gender, date_of_birth, org_name, contract_date) values ('Αλέξανδρος', 'Ντόκος', 'M', '1999-09-30 13:55:09', 'Ιόνιο Πανεπιστήμιο', '2001-12-16 01:12:23');
insert into researcher (researcher_name, researcher_surname, gender, date_of_birth, org_name, contract_date) values ('Θεόδωρος', 'Σιώζος', 'M', '1965-12-15 19:40:03', 'Πανεπιστήμιο Δυτικής Αττικής', '2015-05-10 17:50:01');
insert into researcher (researcher_name, researcher_surname, gender, date_of_birth, org_name, contract_date) values ('Κωνσταντίνος', 'Μακάριος', 'M', '1969-08-11 16:48:09', 'Δημοκρίτειο Πανεπιστήμιο Θράκης', '2010-11-09 23:28:18');
insert into researcher (researcher_name, researcher_surname, gender, date_of_birth, org_name, contract_date) values ('Σωτήριος', 'Πέτρου', 'M', '1964-10-25 19:51:43', 'Διεθνές Πανεπιστήμιο Ελλάδος', '2005-04-18 21:58:41');
insert into researcher (researcher_name, researcher_surname, gender, date_of_birth, org_name, contract_date) values ('Θεόδωρος', 'Ντόκος', 'M', '1995-08-24 12:31:27', 'Δημοκρίτειο Πανεπιστήμιο Θράκης', '2013-01-13 05:04:36');
insert into researcher (researcher_name, researcher_surname, gender, date_of_birth, org_name, contract_date) values ('Σωτήριος', 'Σπύρου', 'M', '1988-08-04 22:32:18', 'Διεθνές Πανεπιστήμιο Ελλάδος', '2018-08-03 00:04:33');
insert into researcher (researcher_name, researcher_surname, gender, date_of_birth, org_name, contract_date) values ('Ηρακλής', 'Παπαδόπουλος', 'M', '1969-02-01 17:03:25', 'Δημόκριτος', '2015-01-16 03:35:09');
insert into researcher (researcher_name, researcher_surname, gender, date_of_birth, org_name, contract_date) values ('Ιορδάνης', 'Γεωργάκης', 'M', '1971-04-25 19:40:08', 'Διεθνές Πανεπιστήμιο Ελλάδος', '2001-09-24 09:00:06');
insert into researcher (researcher_name, researcher_surname, gender, date_of_birth, org_name, contract_date) values ('Ιωάννης', 'Μπρέστης', 'M', '1978-11-22 10:53:12', 'Πανεπιστήμιο Κρήτης', '2014-05-11 05:59:19');
insert into researcher (researcher_name, researcher_surname, gender, date_of_birth, org_name, contract_date) values ('Ιωάννης', 'Σπύρου', 'M', '1967-12-31 07:33:55', 'Δημόκριτος', '1997-09-26 13:52:38');
insert into researcher (researcher_name, researcher_surname, gender, date_of_birth, org_name, contract_date) values ('Μιλτιάδης', 'Δημητριάδης', 'M', '1987-05-04 23:53:12', 'Εθνικό Αστεροσκοπείο Αθηνών', '2011-08-11 18:39:25');
insert into researcher (researcher_name, researcher_surname, gender, date_of_birth, org_name, contract_date) values ('Σοφία', 'Σπύρου', 'F', '1977-07-04 15:57:17', 'Διεθνές Πανεπιστήμιο Ελλάδος', '1995-01-09 21:30:08');
insert into researcher (researcher_name, researcher_surname, gender, date_of_birth, org_name, contract_date) values ('Λαμπρινή', 'Παπακώστα', 'F', '1970-08-03 00:39:30', 'Πανεπιστήμιο Κρήτης', '2017-07-03 07:30:44');
insert into researcher (researcher_name, researcher_surname, gender, date_of_birth, org_name, contract_date) values ('Σοφία', 'Κάλλου', 'F', '1967-11-29 05:05:54', 'Διεθνές Πανεπιστήμιο Ελλάδος', '2002-03-18 17:47:16');
insert into researcher (researcher_name, researcher_surname, gender, date_of_birth, org_name, contract_date) values ('Βασιλική', 'Τάχια', 'F', '1972-08-22 08:01:36', 'Δημοκρίτειο Πανεπιστήμιο Θράκης', '2014-01-01 17:17:02');
insert into researcher (researcher_name, researcher_surname, gender, date_of_birth, org_name, contract_date) values ('Ελένη', 'Παπαπάσχου', 'F', '1976-08-30 12:13:28', 'Δημόκριτος', '2002-12-20 17:12:09');
insert into researcher (researcher_name, researcher_surname, gender, date_of_birth, org_name, contract_date) values ('Μιχαέλα', 'Ιωάννου', 'F', '1983-04-03 21:27:41', 'Ιόνιο Πανεπιστήμιο', '1996-06-21 12:18:04');
insert into researcher (researcher_name, researcher_surname, gender, date_of_birth, org_name, contract_date) values ('Κάμαλα', 'Σπύρου', 'F', '1976-02-23 10:51:04', 'Ιόνιο Πανεπιστήμιο', '2002-05-28 05:21:42');
insert into researcher (researcher_name, researcher_surname, gender, date_of_birth, org_name, contract_date) values ('Βασιλική', 'Σαμαράκη', 'F', '1962-10-09 07:25:56', 'Ιόνιο Πανεπιστήμιο', '2011-12-16 17:56:23');
insert into researcher (researcher_name, researcher_surname, gender, date_of_birth, org_name, contract_date) values ('Μαρία', 'Πασχαλίδη', 'F', '1982-06-18 23:18:10', 'Ιόνιο Πανεπιστήμιο', '2008-04-11 15:08:38');
insert into researcher (researcher_name, researcher_surname, gender, date_of_birth, org_name, contract_date) values ('Γεωργία', 'Γαϊτανίδη', 'F', '1966-03-18 05:56:48', 'Πανεπιστήμιο Κρήτης', '2021-09-10 06:17:55');
insert into researcher (researcher_name, researcher_surname, gender, date_of_birth, org_name, contract_date) values ('Χλόη', 'Γεωργάκη', 'F', '1958-03-05 10:59:03', 'Δημοκρίτειο Πανεπιστήμιο Θράκης', '2019-12-25 01:26:06');
insert into researcher (researcher_name, researcher_surname, gender, date_of_birth, org_name, contract_date) values ('Ιγνατία', 'Παπαγιάννη', 'F', '1992-05-03 19:04:41', 'Δημόκριτος', '2007-08-30 04:41:19');
insert into researcher (researcher_name, researcher_surname, gender, date_of_birth, org_name, contract_date) values ('Σωτηρία', 'Αναστασίου', 'F', '1993-07-03 21:36:26', 'Ιόνιο Πανεπιστήμιο', '1996-11-21 03:41:53');
insert into researcher (researcher_name, researcher_surname, gender, date_of_birth, org_name, contract_date) values ('Αγγελική', 'Ιωάννου', 'F', '1966-05-24 09:00:21', 'Διεθνές Πανεπιστήμιο Ελλάδος', '2015-03-07 23:19:39');
insert into researcher (researcher_name, researcher_surname, gender, date_of_birth, org_name, contract_date) values ('Ελευθερία', 'Σπύρου', 'F', '1973-10-18 06:59:17', 'Δημόκριτος', '2012-08-22 10:00:09');
insert into researcher (researcher_name, researcher_surname, gender, date_of_birth, org_name, contract_date) values ('Σταυρούλα', 'Σιώντη', 'F', '1974-12-24 10:53:05', 'Πανεπιστήμιο Δυτικής Αττικής', '2007-08-05 10:51:02');
insert into researcher (researcher_name, researcher_surname, gender, date_of_birth, org_name, contract_date) values ('Ελευθερία', 'Ιωάννου', 'F', '1963-07-13 07:49:58', 'Ιόνιο Πανεπιστήμιο', '2019-02-06 20:51:21');
insert into researcher (researcher_name, researcher_surname, gender, date_of_birth, org_name, contract_date) values ('Στεφανία', 'Καραϊσκάκη', 'F', '1993-10-23 19:58:30', 'Δημόκριτος', '2015-10-26 17:03:00');
insert into researcher (researcher_name, researcher_surname, gender, date_of_birth, org_name, contract_date) values ('Ελένη', 'Ψάλτη', 'F', '1957-05-21 17:44:29', 'Ιόνιο Πανεπιστήμιο', '1996-10-18 14:11:56');
insert into researcher (researcher_name, researcher_surname, gender, date_of_birth, org_name, contract_date) values ('Σταυρούλα', 'Θώμου', 'F', '1978-08-20 11:46:27', 'Διεθνές Πανεπιστήμιο Ελλάδος', '2011-03-31 15:52:54');
insert into researcher (researcher_name, researcher_surname, gender, date_of_birth, org_name, contract_date) values ('Κωνσταντίνα', 'Ντόκου', 'F', '1979-11-19 17:25:00', 'Δημόκριτος', '2013-08-16 00:26:26');
insert into researcher (researcher_name, researcher_surname, gender, date_of_birth, org_name, contract_date) values ('Σοφία', 'Πουλόπουλου', 'F', '1996-02-04 21:50:04', 'Εθνικό Αστεροσκοπείο Αθηνών', '2004-06-06 04:05:07');
insert into researcher (researcher_name, researcher_surname, gender, date_of_birth, org_name, contract_date) values ('Ελένη', 'Θώμου', 'F', '1966-10-02 19:24:44', 'Δημόκριτος', '2010-12-31 15:59:12');
insert into researcher (researcher_name, researcher_surname, gender, date_of_birth, org_name, contract_date) values ('Βασιλική', 'Πετράκη', 'F', '1995-09-02 17:57:30', 'Ιόνιο Πανεπιστήμιο', '2013-04-01 07:37:35');
insert into researcher (researcher_name, researcher_surname, gender, date_of_birth, org_name, contract_date) values ('Αγγελική', 'Παπαγεωργίου', 'F', '1996-04-26 04:17:48', 'Εθνικό Αστεροσκοπείο Αθηνών', '2015-12-01 02:10:54');
insert into researcher (researcher_name, researcher_surname, gender, date_of_birth, org_name, contract_date) values ('Κωνσταντίνα', 'Παπαπάσχου', 'F', '1998-12-02 07:52:11', 'Πανεπιστήμιο Δυτικής Αττικής', '1996-06-16 12:46:29');
insert into researcher (researcher_name, researcher_surname, gender, date_of_birth, org_name, contract_date) values ('Αθανασία', 'Αλταντζή', 'F', '1998-01-01 20:23:52', 'Εθνικό Αστεροσκοπείο Αθηνών', '2020-04-29 04:58:08');
insert into researcher (researcher_name, researcher_surname, gender, date_of_birth, org_name, contract_date) values ('Σπυριδούλα', 'Γαϊτανίδη', 'F', '1993-10-31 02:34:28', 'Εθνικό Αστεροσκοπείο Αθηνών', '2014-06-08 10:09:17');
insert into researcher (researcher_name, researcher_surname, gender, date_of_birth, org_name, contract_date) values ('Παναγιώτα', 'Παπακώστα', 'F', '1996-03-22 04:17:53', 'Διεθνές Πανεπιστήμιο Ελλάδος', '2018-04-19 03:17:34');
insert into researcher (researcher_name, researcher_surname, gender, date_of_birth, org_name, contract_date) values ('Αγγελική', 'Αναστασίου', 'F', '1974-05-15 06:18:11', 'Πανεπιστήμιο Κρήτης', '2018-02-27 17:36:14');
insert into researcher (researcher_name, researcher_surname, gender, date_of_birth, org_name, contract_date) values ('Μιχαέλα', 'Σπυρόπουλου', 'F', '1970-05-19 03:28:56', 'Διεθνές Πανεπιστήμιο Ελλάδος', '2014-01-26 09:07:11');
insert into researcher (researcher_name, researcher_surname, gender, date_of_birth, org_name, contract_date) values ('Σπυριδούλα', 'Θώμου', 'F', '1973-04-17 07:48:50', 'Διεθνές Πανεπιστήμιο Ελλάδος', '1996-01-16 16:46:05');
insert into researcher (researcher_name, researcher_surname, gender, date_of_birth, org_name, contract_date) values ('Σταυρούλα', 'Παπακώστα', 'F', '1966-06-20 02:42:18', 'Δημοκρίτειο Πανεπιστήμιο Θράκης', '1999-07-30 23:42:08');
insert into researcher (researcher_name, researcher_surname, gender, date_of_birth, org_name, contract_date) values ('Ηλιάνα', 'Αναστασιάδη', 'F', '1994-07-19 13:45:13', 'Ιόνιο Πανεπιστήμιο', '2010-12-09 00:35:05');
insert into researcher (researcher_name, researcher_surname, gender, date_of_birth, org_name, contract_date) values ('Βασιλική', 'Φράγκου', 'F', '1980-04-28 18:05:26', 'Ιόνιο Πανεπιστήμιο', '2004-07-18 04:52:50');
insert into researcher (researcher_name, researcher_surname, gender, date_of_birth, org_name, contract_date) values ('Χλόη', 'Μπλιώνα', 'F', '1980-08-09 19:24:00', 'Δημόκριτος', '2017-05-18 13:31:58');
insert into researcher (researcher_name, researcher_surname, gender, date_of_birth, org_name, contract_date) values ('Λαμπρινή', 'Γαϊτανίδη', 'F', '1987-02-16 06:45:14', 'Δημοκρίτειο Πανεπιστήμιο Θράκης', '2010-06-28 13:27:30');
insert into researcher (researcher_name, researcher_surname, gender, date_of_birth, org_name, contract_date) values ('Θεοδώρα', 'Κοτζιά', 'F', '1986-05-25 23:44:28', 'Πανεπιστήμιο Κρήτης', '2007-03-27 03:09:30');
insert into researcher (researcher_name, researcher_surname, gender, date_of_birth, org_name, contract_date) values ('Στεφανία', 'Τσουκαλά', 'F', '1971-06-01 18:47:13', 'Δημοκρίτειο Πανεπιστήμιο Θράκης', '2019-12-19 21:34:52');
insert into researcher (researcher_name, researcher_surname, gender, date_of_birth, org_name, contract_date) values ('Ιγνατία', 'Γεωργάκη', 'F', '1978-10-12 16:34:01', 'Πανεπιστήμιο Κρήτης', '2021-12-06 08:11:06');
insert into researcher (researcher_name, researcher_surname, gender, date_of_birth, org_name, contract_date) values ('Σπυριδούλα', 'Δασκαλάκη', 'F', '1991-02-20 16:43:27', 'Δημόκριτος', '2013-07-17 17:32:44');
insert into researcher (researcher_name, researcher_surname, gender, date_of_birth, org_name, contract_date) values ('Ραφαέλα', 'Μπλιώνα', 'F', '1971-12-27 06:59:31', 'Δημοκρίτειο Πανεπιστήμιο Θράκης', '2018-08-08 18:44:00');
insert into researcher (researcher_name, researcher_surname, gender, date_of_birth, org_name, contract_date) values ('Βασιλική', 'Τσουκαλά', 'F', '1961-07-28 06:42:17', 'Εθνικό Αστεροσκοπείο Αθηνών', '2019-01-01 18:20:27');
insert into researcher (researcher_name, researcher_surname, gender, date_of_birth, org_name, contract_date) values ('Αγγελική', 'Φιλίππου', 'F', '1969-04-16 17:08:02', 'Ιόνιο Πανεπιστήμιο', '2004-11-12 13:47:56');
insert into researcher (researcher_name, researcher_surname, gender, date_of_birth, org_name, contract_date) values ('Κάμαλα', 'Πετράκη', 'F', '1965-03-21 05:33:39', 'Πανεπιστήμιο Δυτικής Αττικής', '1995-08-07 22:17:45');
insert into researcher (researcher_name, researcher_surname, gender, date_of_birth, org_name, contract_date) values ('Κάμαλα', 'Παππά', 'F', '1976-11-25 02:53:06', 'Πανεπιστήμιο Κρήτης', '2008-07-21 19:49:15');
insert into researcher (researcher_name, researcher_surname, gender, date_of_birth, org_name, contract_date) values ('Ελευθερία', 'Παπαπάσχου', 'F', '1979-06-24 03:42:04', 'Εθνικό Αστεροσκοπείο Αθηνών', '2012-01-21 23:58:45');
insert into researcher (researcher_name, researcher_surname, gender, date_of_birth, org_name, contract_date) values ('Αλεξάνδρα', 'Παπακώστα', 'F', '1988-02-17 04:18:06', 'Πανεπιστήμιο Κρήτης', '2006-06-02 15:09:05');
insert into researcher (researcher_name, researcher_surname, gender, date_of_birth, org_name, contract_date) values ('Λαμπρινή', 'Χαριστέα', 'F', '1992-08-18 03:29:10', 'Διεθνές Πανεπιστήμιο Ελλάδος', '2004-06-24 14:45:09');
insert into researcher (researcher_name, researcher_surname, gender, date_of_birth, org_name, contract_date) values ('Μαρία', 'Γαϊτανίδη', 'F', '1962-06-26 06:33:14', 'Ιόνιο Πανεπιστήμιο', '1995-05-11 08:37:36');

insert into corporation (org_name, private_funds) values ('COSMOTE', 21992038.71);
insert into corporation (org_name, private_funds) values ('Motor Oil', 99344738.26);
insert into corporation (org_name, private_funds) values ('Ελληνικά Πετρέλαια', 90215124.24);
insert into corporation (org_name, private_funds) values ('Vodafone', 10146721.13);
insert into corporation (org_name, private_funds) values ('Δωδώνη', 8184636.89);
insert into corporation (org_name, private_funds) values ('Olympia Electronics', 5231309.52);
insert into corporation (org_name, private_funds) values ('ΕΛΒΑΛΧΑΛΚΟΡ', 12124524.4);
insert into corporation (org_name, private_funds) values ('PFIZER Ελλάδος', 20256633.55);
insert into corporation (org_name, private_funds) values ('Ανεξάρτητος Διαχειριστής Μεταφοράς Ηλεκτρικής Ενέργειας', 50313506.18);
insert into corporation (org_name, private_funds) values ('ΤΙΤΑΝ', 50219381.93);
insert into corporation (org_name, private_funds) values ('Ναυπηγεία Ελευσίνας', 12144769.74);
insert into corporation (org_name, private_funds) values ('Ελληνική Βιομηχανία Οχημάτων', 15332310.0);

insert into university (org_name, public_funds) values ('Εθνικό Μετσόβιο Πολυτεχνείο', 21282247.5);
insert into university (org_name, public_funds) values ('Αριστοτέλειο Πανεπιστήμιο Θεσσαλονίκης', 2070072.14);
insert into university (org_name, public_funds) values ('Πανεπιστήμιο Ιωαννίνων', 9131104.79);
insert into university (org_name, public_funds) values ('Πολυτεχνείο Κρήτης', 5342033.99);
insert into university (org_name, public_funds) values ('Δημοκρίτειο Πανεπιστήμιο Θράκης', 6304412.08);
insert into university (org_name, public_funds) values ('Πανεπιστήμιο Πατρών', 9140924.23);
insert into university (org_name, public_funds) values ('Πανεπιστήμιο Δυτικής Αττικής', 10321381.29);
insert into university (org_name, public_funds) values ('Πανεπιστήμιο Θεσσαλίας', 8565018.15);
insert into university (org_name, public_funds) values ('Ιόνιο Πανεπιστήμιο', 1708561.24);
insert into university (org_name, public_funds) values ('Πανεπιστήμιο Κρήτης', 17181502.3);
insert into university (org_name, public_funds) values ('Διεθνές Πανεπιστήμιο Ελλάδος', 9086406.01);
insert into university (org_name, public_funds) values ('Πανεπιστήμιο Δυτικής Μακεδονίας', 8062369.68);
insert into university (org_name, public_funds) values ('Πανεπιστήμιο Αιγαίου', 6708908.55);
insert into university (org_name, public_funds) values ('Οικονομικό Πανεπιστήμιο Αθηνών', 10830896.34);

insert into research_center (org_name, private_funds, public_funds) values ('Δημόκριτος', 5143383.93, 5298437.0);
insert into research_center (org_name, private_funds, public_funds) values ('Εθνικό Αστεροσκοπείο Αθηνών', 386079.59, 590027.33);
insert into research_center (org_name, private_funds, public_funds) values ('Εθνικό Δίκτυο Έρευνας και Τεχνολογίας', 4268032.24, 2151892.0);
insert into research_center (org_name, private_funds, public_funds) values ('Ίδρυμα Τεχνολογίας και Έρευνας', 6127069.42, 1187291.57);
insert into research_center (org_name, private_funds, public_funds) values ('Ινστιτούτο Παστέρ', 12317078.13, 1333078.34);
insert into research_center (org_name, private_funds, public_funds) values ('Ελληνικό Κέντρο Θαλασσίων Ερευνών', 1253078.13, 13345678.34);

insert into scientific_field (sf_subject) values ('Φυσική');
insert into scientific_field (sf_subject) values ('Εφαρμοσμένα Μαθηματικά');
insert into scientific_field (sf_subject) values ('Βιολογία');
insert into scientific_field (sf_subject) values ('Φαρμακευτική');
insert into scientific_field (sf_subject) values ('Υλικά');
insert into scientific_field (sf_subject) values ('Ενέργεια');
insert into scientific_field (sf_subject) values ('Μετεωρολογία');
insert into scientific_field (sf_subject) values ('Γεωλογία');
insert into scientific_field (sf_subject) values ('Τηλεπικοινωνίες');
insert into scientific_field (sf_subject) values ('Τεχνητή Νοημοσύνη');
insert into scientific_field (sf_subject) values ('Επιστήμη Δεδομένων');
insert into scientific_field (sf_subject) values ('Χρηματοοικονομικά');
insert into scientific_field (sf_subject) values ('Διοίκηση Επιχειρήσεων');
insert into scientific_field (sf_subject) values ('Μάρκετινγκ');
insert into scientific_field (sf_subject) values ('Γεωπονία');
insert into scientific_field (sf_subject) values ('Γεωπληροφορική');
insert into scientific_field (sf_subject) values ('Αεροναυπηγική');
insert into scientific_field (sf_subject) values ('Αστρονομία');
insert into scientific_field (sf_subject) values ('Βιοπληροφορική');
insert into scientific_field (sf_subject) values ('Ρευστομηχανική');
insert into scientific_field (sf_subject) values ('Ωκεανογραφία');
insert into scientific_field (sf_subject) values ('Γενετική');
insert into scientific_field (sf_subject) values ('Τεχνολογία Τροφίφων');
insert into scientific_field (sf_subject) values ('Logistics');

insert into manager (manager_name, manager_surname) values ('Βασιλική', 'Τάτση');
insert into manager (manager_name, manager_surname) values ('Σταυρούλα', 'Μακαρίου');
insert into manager (manager_name, manager_surname) values ('Ελένη', 'Πέτρου');
insert into manager (manager_name, manager_surname) values ('Σωτηρία', 'Ιωάννου');
insert into manager (manager_name, manager_surname) values ('Βασιλική', 'Δημητρίου');
insert into manager (manager_name, manager_surname) values ('Ιφιγένεια', 'Γαϊτανίδη');
insert into manager (manager_name, manager_surname) values ('Λαμπρινή', 'Παπαπάσχου');
insert into manager (manager_name, manager_surname) values ('Μαρία', 'Γεωργάκη');
insert into manager (manager_name, manager_surname) values ('Κωνσταντίνα', 'Θώμου');
insert into manager (manager_name, manager_surname) values ('Αντιγόνη', 'Ξενίκα');
insert into manager (manager_name, manager_surname) values ('Δημήτριος', 'Πάσχος');
insert into manager (manager_name, manager_surname) values ('Περικλής', 'Παππάς');
insert into manager (manager_name, manager_surname) values ('Αναστάσιος', 'Καραϊσκάκης');
insert into manager (manager_name, manager_surname) values ('Άγγελος', 'Δασκαλάκης');
insert into manager (manager_name, manager_surname) values ('Ηρακλής', 'Αποστολίδης');
insert into manager (manager_name, manager_surname) values ('Ηρακλής', 'Ντόκος');
insert into manager (manager_name, manager_surname) values ('Ηρακλής', 'Πετράκης');
insert into manager (manager_name, manager_surname) values ('Παναγιώτης', 'Πετράκης');
insert into manager (manager_name, manager_surname) values ('Παναγιώτης', 'Σαμαράκης');
insert into manager (manager_name, manager_surname) values ('Άγγελος', 'Χαριστέας');
insert into manager (manager_name, manager_surname) values ('Παναγιώτης', 'Παπαγεωργίου');
insert into manager (manager_name, manager_surname) values ('Περικλής', 'Αποστολίδης');
insert into manager (manager_name, manager_surname) values ('Περικλής', 'Παπαπάσχος');
insert into manager (manager_name, manager_surname) values ('Ηρακλής', 'Φράγκος');
insert into manager (manager_name, manager_surname) values ('Ηρακλής', 'Σαμαράκης');

insert into program (title, department) values ('Πρώτο', 'Δ/νση Διαχείρισης έργων Αγροδιατροφή και Βιομηχανία τροφίμων');
insert into program (title, department) values ('Δεύτερο', 'Διεύθυνση  Σχεδιασμού Δράσεων Καινοτομίας');
insert into program (title, department) values ('Τρίτο', 'Διεύθυνση  Σχεδιασμού Δράσεων Καινοτομίας');
insert into program (title, department) values ('Τέταρτο', 'Δ/νση Διαχείρισης έργων  Περιβάλλον και Βιώσιμη Ανάπτυξη');
insert into program (title, department) values ('Πέμπτο', 'Διεύθυνση   Διαχείρισης και Παρακολούθησης Προγραμμάτων');
insert into program (title, department) values ('Έκτο', 'Διεύθυνση Σχεδιασμού και Προγραμματισμού');
insert into program (title, department) values ('Έβδομο', 'Δ/νση Διαχείρισης έργων  Περιβάλλον και Βιώσιμη Ανάπτυξη');
insert into program (title, department) values ('Όγδοο', 'Διεύθυνση Σχεδιασμού και Προγραμματισμού');
insert into program (title, department) values ('Ένατο', 'Διεύθυνση   Διαχείρισης και Παρακολούθησης Προγραμμάτων');
insert into program (title, department) values ('Δέκατο', 'Διεύθυνση  Σχεδιασμού Δράσεων Καινοτομίας');
insert into program (title, department) values ('Ενδέκατο', 'Διεύθυνση   Διαχείρισης και Παρακολούθησης Προγραμμάτων');
insert into program (title, department) values ('Δωδέκατο', 'Δ/νση Διαχείρισης έργων  Περιβάλλον και Βιώσιμη Ανάπτυξη');
insert into program (title, department) values ('Δέκατο Τρίτο', 'Διεύθυνση   Διαχείρισης και Παρακολούθησης Προγραμμάτων');
insert into program (title, department) values ('Δέκατο Τέταρτο', 'Διεύθυνση  Σχεδιασμού Δράσεων Καινοτομίας');
insert into program (title, department) values ('Δέκατο Πέμπτο', 'Διεύθυνση Σχεδιασμού και Προγραμματισμού');
insert into program (title, department) values ('Δέκατο Έκτο', 'Δ/νση Διαχείρισης έργων  Περιβάλλον και Βιώσιμη Ανάπτυξη');
insert into program (title, department) values ('Δέκατο Έβδομο', 'Διεύθυνση   Διαχείρισης και Παρακολούθησης Προγραμμάτων');
insert into program (title, department) values ('Δέκατο Όγδοο', 'Διεύθυνση   Διαχείρισης και Παρακολούθησης Προγραμμάτων');
insert into program (title, department) values ('Δέκατο Ένατο', 'Διεύθυνση  Σχεδιασμού Δράσεων Καινοτομίας');
insert into program (title, department) values ('Εικοστό', 'Διεύθυνση   Διαχείρισης και Παρακολούθησης Προγραμμάτων');
insert into program (title, department) values ('Εικοστό Πρώτο', 'Διεύθυνση   Διαχείρισης και Παρακολούθησης Προγραμμάτων');
insert into program (title, department) values ('Εικοστό Δεύτερο', 'Δ/νση Διαχείρισης έργων Αγροδιατροφή και Βιομηχανία τροφίμων');
insert into program (title, department) values ('Εικοστό Τρίτο', 'Διεύθυνση   Διαχείρισης και Παρακολούθησης Προγραμμάτων');
insert into program (title, department) values ('Εικοστό Τέταρτο', 'Διεύθυνση Σχεδιασμού και Προγραμματισμού');
insert into program (title, department) values ('Εικοστό Πέμπτο', 'Διεύθυνση  Σχεδιασμού Δράσεων Καινοτομίας');
insert into program (title, department) values ('Εικοστό Έκτο', 'Δ/νση Διαχείρισης έργων Αγροδιατροφή και Βιομηχανία τροφίμων');
insert into program (title, department) values ('Εικοστό Έβδομο', 'Διεύθυνση   Διαχείρισης και Παρακολούθησης Προγραμμάτων');
insert into program (title, department) values ('Εικοστό Όγδοο', 'Διεύθυνση   Διαχείρισης και Παρακολούθησης Προγραμμάτων');
insert into program (title, department) values ('Εικοστό Ένατο', 'Δ/νση Διαχείρισης έργων  Περιβάλλον και Βιώσιμη Ανάπτυξη');
insert into program (title, department) values ('Τριακοστό', 'Δ/νση Διαχείρισης έργων  Περιβάλλον και Βιώσιμη Ανάπτυξη');
insert into program (title, department) values ('Τριακοστό Πρώτο', 'Διεύθυνση  Σχεδιασμού Δράσεων Καινοτομίας');
insert into program (title, department) values ('Τριακοστό Δεύτερο', 'Δ/νση Διαχείρισης έργων Αγροδιατροφή και Βιομηχανία τροφίμων');
insert into program (title, department) values ('Τριακοστό Τρίτο', 'Διεύθυνση Σχεδιασμού και Προγραμματισμού');

insert into project (project_title, summary, funding, starting_date, final_date, duration, program_title, manager_id, org_name, assessor_id, score, assessment_date) values ('Project Cei59ejmf8', 'orci luctus et ultrices posuere cubilia curae donec pharetra magna vestibulum aliquet ultrices erat tortor sollicitudin mi sit', 1261976.45, '2019-08-06', '2021-08-06', 2, 'Εικοστό Τρίτο', 5, 'Δωδώνη', 45, 71, '2020-12-21');
insert into project (project_title, summary, funding, starting_date, final_date, duration, program_title, manager_id, org_name, assessor_id, score, assessment_date) values ('Project Dwfoqu2h77', 'odio consequat varius integer ac leo pellentesque ultrices mattis odio donec vitae nisi nam ultrices libero non mattis pulvinar', 6414012.7, '2020-01-01', '2021-01-01', 1, 'Εικοστό Ένατο', 18, 'Πανεπιστήμιο Δυτικής Αττικής', 66, 48, '2018-08-02');
insert into project (project_title, summary, funding, starting_date, final_date, duration, program_title, manager_id, org_name, assessor_id, score, assessment_date) values ('Project mfyfja5bw3', 'potenti nullam porttitor lacus at turpis donec posuere metus vitae ipsum', 3930777.86, '2021-08-13 03:29:57', '2024-08-13', 3, 'Εικοστό Όγδοο', 24, 'Ελληνικά Πετρέλαια', 56, 7, '2022-03-23');
insert into project (project_title, summary, funding, starting_date, final_date, duration, program_title, manager_id, org_name, assessor_id, score, assessment_date) values ('Project 0nig0azd29', 'eleifend pede libero quis orci nullam molestie nibh in lectus pellentesque at nulla suspendisse potenti cras in purus', 5792818.85, '2021-03-19', '2025-03-19', 4, 'Εικοστό Τρίτο', 21, 'Ινστιτούτο Παστέρ', 102, 46, '2018-07-04');
insert into project (project_title, summary, funding, starting_date, final_date, duration, program_title, manager_id, org_name, assessor_id, score, assessment_date) values ('Project W8n61qu5v9', 'sit amet turpis elementum ligula vehicula consequat morbi a ipsum integer a nibh', 6175668.1, '2018-10-10', '2021-10-10', 3, 'Τριακοστό Δεύτερο', 25, 'Πανεπιστήμιο Δυτικής Μακεδονίας', 68, 24, '2018-09-02');
insert into project (project_title, summary, funding, starting_date, final_date, duration, program_title, manager_id, org_name, assessor_id, score, assessment_date) values ('Project 30jqk9ate6', 'pretium iaculis justo in hac habitasse platea dictumst etiam faucibus cursus urna ut tellus nulla ut erat', 6847051.89, '2018-09-08', '2021-09-08', 3, 'Δέκατο Όγδοο', 7, 'Ελληνικό Κέντρο Θαλασσίων Ερευνών', 102, 2, '2020-11-18');
insert into project (project_title, summary, funding, starting_date, final_date, duration, program_title, manager_id, org_name, assessor_id, score, assessment_date) values ('Project n1yafj9p36', 'libero nam dui proin leo odio porttitor id consequat in consequat', 4102568.26, '2021-07-22', '2022-07-22', 1, 'Εικοστό', 2, 'Πανεπιστήμιο Δυτικής Αττικής', 104, 0, '2019-06-23');
insert into project (project_title, summary, funding, starting_date, final_date, duration, program_title, manager_id, org_name, assessor_id, score, assessment_date) values ('Project zrzjzgg4p4', 'condimentum curabitur in libero ut massa volutpat convallis morbi odio odio elementum eu interdum eu tincidunt in leo', 845753.39, '2018-10-02', '2019-10-02', 1, 'Τριακοστό Πρώτο', 18, 'Δημόκριτος', 9, 19, '2020-09-15');
insert into project (project_title, summary, funding, starting_date, final_date, duration, program_title, manager_id, org_name, assessor_id, score, assessment_date) values ('Project tl51dnplr6', 'elit sodales scelerisque mauris sit amet eros suspendisse accumsan tortor quis turpis sed ante vivamus tortor duis', 8577347.41, '2021-04-17', '2025-04-17', 4, 'Εικοστό', 25, 'Διεθνές Πανεπιστήμιο Ελλάδος', 99, 36, '2019-10-15');
insert into project (project_title, summary, funding, starting_date, final_date, duration, program_title, manager_id, org_name, assessor_id, score, assessment_date) values ('Project E05fh4p5t0', 'bibendum morbi non quam nec dui luctus rutrum nulla tellus', 4573952.83, '2021-04-11', '2022-04-11', 1, 'Δέκατο Έκτο', 15, 'COSMOTE', 10, 71, '2022-02-23');
insert into project (project_title, summary, funding, starting_date, final_date, duration, program_title, manager_id, org_name, assessor_id, score, assessment_date) values ('Project Ucdhglr766', 'erat id mauris vulputate elementum nullam varius nulla facilisi cras non velit nec nisi vulputate nonummy', 2923621.75, '2020-04-15', '2022-04-15', 2, 'Έκτο', 23, 'Πανεπιστήμιο Κρήτης', 88, 12, '2018-08-20');
insert into project (project_title, summary, funding, starting_date, final_date, duration, program_title, manager_id, org_name, assessor_id, score, assessment_date) values ('Project wm4gozm2n6', 'morbi porttitor lorem id ligula suspendisse ornare consequat lectus in', 9504786.31, '2020-02-11', '2023-02-11', 3, 'Δέκατο Έβδομο', 4, 'Πανεπιστήμιο Κρήτης', 32, 43, '2019-07-29');
insert into project (project_title, summary, funding, starting_date, final_date, duration, program_title, manager_id, org_name, assessor_id, score, assessment_date) values ('Project nw2ow1ytw2', 'maecenas ut massa quis augue luctus tincidunt nulla mollis molestie lorem quisque ut erat curabitur gravida nisi at nibh in', 1527161.48, '2019-05-01', '2022-05-01', 3, 'Τριακοστό Τρίτο', 15, 'Ναυπηγεία Ελευσίνας', 105, 49, '2021-01-08');
insert into project (project_title, summary, funding, starting_date, final_date, duration, program_title, manager_id, org_name, assessor_id, score, assessment_date) values ('Project exb2l6mm57', 'semper rutrum nulla nunc purus phasellus in felis donec semper sapien a libero nam dui', 5804346.8, '2018-07-16', '2020-07-16', 2, 'Εικοστό Τέταρο', 9, 'COSMOTE', 44, 5, '2018-11-04');
insert into project (project_title, summary, funding, starting_date, final_date, duration, program_title, manager_id, org_name, assessor_id, score, assessment_date) values ('Project 2anywt7t93', 'blandit nam nulla integer pede justo lacinia eget tincidunt eget tempus vel', 4853099.5, '2019-07-18', '2023-07-18', 4, 'Δέκατο Τέταρτο', 10, 'Πανεπιστήμιο Κρήτης', 13, 68, '2020-04-29');
insert into project (project_title, summary, funding, starting_date, final_date, duration, program_title, manager_id, org_name, assessor_id, score, assessment_date) values ('Project x5xwgxzvs9', 'ornare consequat lectus in est risus auctor sed tristique in tempus sit amet sem fusce', 5860567.3, '2022-02-14', '2024-02-14', 2, 'Τριακοστό Δεύτερο', 16, 'Δημοκρίτειο Πανεπιστήμιο Θράκης', 85, 60, '2018-03-20');
insert into project (project_title, summary, funding, starting_date, final_date, duration, program_title, manager_id, org_name, assessor_id, score, assessment_date) values ('Project G7tx5wsoi0', 'elit proin interdum mauris non ligula pellentesque ultrices phasellus id sapien in sapien iaculis congue vivamus metus arcu adipiscing molestie', 1061557.81, '2019-04-27', '2023-04-27', 4, 'Δέκατο Ένατο', 15, 'Εθνικό Δίκτυο Έρευνας και Τεχνολογίας', 10, 61, '2021-12-11');
insert into project (project_title, summary, funding, starting_date, final_date, duration, program_title, manager_id, org_name, assessor_id, score, assessment_date) values ('Project K5dtrlcax4', 'sociis natoque penatibus et magnis dis parturient montes nascetur ridiculus mus vivamus vestibulum sagittis sapien cum sociis natoque penatibus et', 535733.88, '2022-05-09', '2024-05-09', 2, 'Εικοστό Τέταρο', 21, 'ΤΙΤΑΝ', 48, 13, '2018-10-19');
insert into project (project_title, summary, funding, starting_date, final_date, duration, program_title, manager_id, org_name, assessor_id, score, assessment_date) values ('Project bxge90fr70', 'vitae nisl aenean lectus pellentesque eget nunc donec quis orci eget orci vehicula condimentum curabitur in libero ut massa', 4352342.74, '2018-12-10', '2019-12-10', 1, 'Δέκατο Έβδομο', 16, 'Olympia Electronics', 13, 60, '2021-06-19');
insert into project (project_title, summary, funding, starting_date, final_date, duration, program_title, manager_id, org_name, assessor_id, score, assessment_date) values ('Project 2g7mjsxpn4', 'odio curabitur convallis duis consequat dui nec nisi volutpat eleifend donec ut dolor morbi vel', 8323209.95, '2019-12-12', '2023-12-12', 4, 'Τέταρτο', 22, 'Εθνικό Δίκτυο Έρευνας και Τεχνολογίας', 108, 99, '2020-08-13');
insert into project (project_title, summary, funding, starting_date, final_date, duration, program_title, manager_id, org_name, assessor_id, score, assessment_date) values ('Project r5qiyz1pp9', 'dignissim vestibulum vestibulum ante ipsum primis in faucibus orci luctus et ultrices posuere cubilia curae', 9445406.86, '2021-11-22', '2024-11-22', 3, 'Τέταρτο', 2, 'Πανεπιστήμιο Δυτικής Αττικής', 49, 30, '2018-05-28');
insert into project (project_title, summary, funding, starting_date, final_date, duration, program_title, manager_id, org_name, assessor_id, score, assessment_date) values ('Project F9dkb815b0', 'nulla elit ac nulla sed vel enim sit amet nunc viverra dapibus nulla', 7675775.99, '2021-07-17', '2022-07-17', 1, 'Ένατο', 11, 'Vodafone', 19, 77, '2020-08-22');
insert into project (project_title, summary, funding, starting_date, final_date, duration, program_title, manager_id, org_name, assessor_id, score, assessment_date) values ('Project vogdvqv2a8', 'parturient montes nascetur ridiculus mus vivamus vestibulum sagittis sapien cum sociis natoque', 5585401.6, '2018-11-05', '2020-11-05', 2, 'Εικοστό Ένατο', 4, 'Εθνικό Δίκτυο Έρευνας και Τεχνολογίας', 86, 68, '2018-03-14');
insert into project (project_title, summary, funding, starting_date, final_date, duration, program_title, manager_id, org_name, assessor_id, score, assessment_date) values ('Project Qze0x27ui1', 'sit amet erat nulla tempus vivamus in felis eu sapien cursus vestibulum proin eu mi nulla ac', 8891555.99, '2019-07-25', '2021-07-25', 2, 'Εικοστό Έβδομο', 19, 'Olympia Electronics', 59, 79, '2021-01-08');
insert into project (project_title, summary, funding, starting_date, final_date, duration, program_title, manager_id, org_name, assessor_id, score, assessment_date) values ('Project O1lw17vo92', 'id ornare imperdiet sapien urna pretium nisl ut volutpat sapien arcu sed', 9435682.59, '2018-12-12 00:39:49', '2022-12-12', 4, 'Εικοστό Πέμπτο', 9, 'Πανεπιστήμιο Θεσσαλίας', 4, 93, '2021-07-03');
insert into project (project_title, summary, funding, starting_date, final_date, duration, program_title, manager_id, org_name, assessor_id, score, assessment_date) values ('Project Cbnhd2q3p2', 'blandit non interdum in ante vestibulum ante ipsum primis in faucibus orci luctus et', 3239232.08, '2019-02-26', '2023-02-26', 4, 'Δέκατο Όγδοο', 9, 'ΕΛΒΑΛΧΑΛΚΟΡ', 84, 53, '2020-01-15');
insert into project (project_title, summary, funding, starting_date, final_date, duration, program_title, manager_id, org_name, assessor_id, score, assessment_date) values ('Project t1dnk9kbk5', 'pulvinar lobortis est phasellus sit amet erat nulla tempus vivamus in felis eu sapien cursus vestibulum proin eu mi', 5994438.42, '2020-06-22', '2021-06-22', 1, 'Πρώτο', 12, 'Δημοκρίτειο Πανεπιστήμιο Θράκης', 72, 86, '2021-08-28');
insert into project (project_title, summary, funding, starting_date, final_date, duration, program_title, manager_id, org_name, assessor_id, score, assessment_date) values ('Project anuuvavgl7', 'magna vestibulum aliquet ultrices erat tortor sollicitudin mi sit amet lobortis sapien sapien non mi', 9571413.84, '2021-07-20', '2024-07-20', 3, 'Τριακοστό Πρώτο', 6, 'Δημόκριτος', 65, 86, '2018-01-30');
insert into project (project_title, summary, funding, starting_date, final_date, duration, program_title, manager_id, org_name, assessor_id, score, assessment_date) values ('Project be0fszjjn7', 'orci luctus et ultrices posuere cubilia curae donec pharetra magna vestibulum aliquet ultrices erat tortor sollicitudin mi sit amet lobortis', 1270671.89, '2019-10-06', '2021-10-06', 2, 'Πέμπτο', 10, 'Ιόνιο Πανεπιστήμιο', 31, 74, '2019-06-21');
insert into project (project_title, summary, funding, starting_date, final_date, duration, program_title, manager_id, org_name, assessor_id, score, assessment_date) values ('Project xr69nmd8h9', 'turpis eget elit sodales scelerisque mauris sit amet eros suspendisse accumsan tortor quis turpis sed ante vivamus tortor duis', 7689259.77, '2019-05-06', '2022-05-06', 3, 'Τριακοστό Τρίτο', 3, 'Ινστιτούτο Παστέρ', 43, 27, '2018-08-22');
insert into project (project_title, summary, funding, starting_date, final_date, duration, program_title, manager_id, org_name, assessor_id, score, assessment_date) values ('Project D3jprhiz37', 'rhoncus sed vestibulum sit amet cursus id turpis integer aliquet massa id lobortis convallis tortor risus dapibus augue', 7112624.31, '2019-10-08', '2021-10-08', 2, 'Δέκατο', 23, 'Olympia Electronics', 85, 59, '2021-01-31');
insert into project (project_title, summary, funding, starting_date, final_date, duration, program_title, manager_id, org_name, assessor_id, score, assessment_date) values ('Project nb1hwr5kp9', 'magnis dis parturient montes nascetur ridiculus mus etiam vel augue vestibulum rutrum', 9095139.84, '2019-06-22', '2020-06-22', 1, 'Τέταρτο', 5, 'Πανεπιστήμιο Πατρών', 44, 65, '2018-04-08');
insert into project (project_title, summary, funding, starting_date, final_date, duration, program_title, manager_id, org_name, assessor_id, score, assessment_date) values ('Project Rgqo7d8cg1', 'eget massa tempor convallis nulla neque libero convallis eget eleifend luctus ultricies eu nibh quisque id justo sit', 8541308.31, '2021-04-30', '2022-04-30', 1, 'Δέκατο Όγδοο', 3, 'Αριστοτέλειο Πανεπιστήμιο Θεσσαλονίκης', 77, 75, '2019-04-02');
insert into project (project_title, summary, funding, starting_date, final_date, duration, program_title, manager_id, org_name, assessor_id, score, assessment_date) values ('Project Fmccm0eom9', 'sem mauris laoreet ut rhoncus aliquet pulvinar sed nisl nunc rhoncus dui vel sem sed sagittis nam congue risus', 4944069.45, '2020-10-13', '2021-10-13', 1, 'Εικοστό', 9, 'Ναυπηγεία Ελευσίνας', 1, 82, '2020-06-24');
insert into project (project_title, summary, funding, starting_date, final_date, duration, program_title, manager_id, org_name, assessor_id, score, assessment_date) values ('Project k8m6uxqz94', 'sem duis aliquam convallis nunc proin at turpis a pede posuere nonummy integer', 9932885.8, '2019-02-27', '2022-02-27', 3, 'Εικοστό Έκτο', 5, 'Ελληνική Βιομηχανία Οχημάτων', 30, 2, '2019-10-11');
insert into project (project_title, summary, funding, starting_date, final_date, duration, program_title, manager_id, org_name, assessor_id, score, assessment_date) values ('Project Cw4df4mro4', 'nec dui luctus rutrum nulla tellus in sagittis dui vel nisl duis ac nibh', 9546466.67, '2022-04-14', '2026-04-14', 4, 'Εικοστό Πρώτο', 15, 'Vodafone', 14, 34, '2020-07-29');
insert into project (project_title, summary, funding, starting_date, final_date, duration, program_title, manager_id, org_name, assessor_id, score, assessment_date) values ('Project W3ab9gool1', 'mattis egestas metus aenean fermentum donec ut mauris eget massa tempor convallis nulla neque libero convallis eget eleifend', 2272334.41, '2021-10-13', '2023-10-13', 2, 'Τέταρτο', 23, 'Πανεπιστήμιο Δυτικής Μακεδονίας', 55, 91, '2021-11-24');
insert into project (project_title, summary, funding, starting_date, final_date, duration, program_title, manager_id, org_name, assessor_id, score, assessment_date) values ('Project dzwglsv494', 'aliquam convallis nunc proin at turpis a pede posuere nonummy', 1197489.51, '2020-10-08', '2021-10-08', 1, 'Εικοστό Έβδομο', 19, 'Εθνικό Μετσόβιο Πολυτεχνείο', 70, 0, '2021-08-05');
insert into project (project_title, summary, funding, starting_date, final_date, duration, program_title, manager_id, org_name, assessor_id, score, assessment_date) values ('Project rhs589c010', 'consequat in consequat ut nulla sed accumsan felis ut at dolor quis odio consequat varius', 7324552.08, '2018-12-22', '2022-12-22', 4, 'Τέταρτο', 12, 'Πανεπιστήμιο Δυτικής Μακεδονίας', 60, 97, '2020-10-14');
insert into project (project_title, summary, funding, starting_date, final_date, duration, program_title, manager_id, org_name, assessor_id, score, assessment_date) values ('Project g2ksdbeqd7', 'dapibus nulla suscipit ligula in lacus curabitur at ipsum ac tellus semper interdum mauris ullamcorper purus', 6912432.56, '2022-01-05', '2024-01-05', 2, 'Δέκατο Ένατο', 10, 'Εθνικό Μετσόβιο Πολυτεχνείο', 56, 36, '2018-06-18');
insert into project (project_title, summary, funding, starting_date, final_date, duration, program_title, manager_id, org_name, assessor_id, score, assessment_date) values ('Project akhccwoaa8', 'nisl nunc nisl duis bibendum felis sed interdum venenatis turpis enim blandit mi in porttitor pede justo eu', 9491020.66, '2019-08-04', '2023-08-04', 4, 'Τριακοστό Δεύτερο', 3, 'Εθνικό Αστεροσκοπείο Αθηνών', 66, 34, '2019-05-02');
insert into project (project_title, summary, funding, starting_date, final_date, duration, program_title, manager_id, org_name, assessor_id, score, assessment_date) values ('Project gtn8z8r248', 'quis turpis eget elit sodales scelerisque mauris sit amet eros suspendisse accumsan tortor quis turpis sed', 6927885.99, '2020-12-27', '2024-12-27', 4, 'Τρίτο', 11, 'Ελληνικό Κέντρο Θαλασσίων Ερευνών', 104, 2, '2021-09-10');
insert into project (project_title, summary, funding, starting_date, final_date, duration, program_title, manager_id, org_name, assessor_id, score, assessment_date) values ('Project ll4aig48q3', 'ac tellus semper interdum mauris ullamcorper purus sit amet nulla quisque arcu libero', 5006348.62, '2019-11-27', '2020-11-27', 1, 'Δέκατο Ένατο', 18, 'Δημόκριτος', 44, 17, '2018-01-07');
insert into project (project_title, summary, funding, starting_date, final_date, duration, program_title, manager_id, org_name, assessor_id, score, assessment_date) values ('Project lnsswighb7', 'vestibulum sed magna at nunc commodo placerat praesent blandit nam nulla integer pede justo lacinia eget tincidunt', 8697623.06, '2020-09-29', '2022-09-29', 2, 'Εικοστό', 1, 'Πανεπιστήμιο Αιγαίου', 70, 81, '2019-09-11');
insert into project (project_title, summary, funding, starting_date, final_date, duration, program_title, manager_id, org_name, assessor_id, score, assessment_date) values ('Project Q6za0j7xe8', 'aliquam sit amet diam in magna bibendum imperdiet nullam orci pede venenatis non sodales sed tincidunt eu', 5844428.69, '2019-07-28', '2021-07-28', 2, 'Δέκατο Πέμπτο', 20, 'Διεθνές Πανεπιστήμιο Ελλάδος', 49, 41, '2020-01-13');
insert into project (project_title, summary, funding, starting_date, final_date, duration, program_title, manager_id, org_name, assessor_id, score, assessment_date) values ('Project J1sbqnbjk4', 'turpis enim blandit mi in porttitor pede justo eu massa donec dapibus duis at velit eu est congue', 6431254.96, '2018-08-07', '2022-08-07', 4, 'Τριακοστό Τρίτο', 12, 'Ελληνικό Κέντρο Θαλασσίων Ερευνών', 86, 70, '2021-09-20');
insert into project (project_title, summary, funding, starting_date, final_date, duration, program_title, manager_id, org_name, assessor_id, score, assessment_date) values ('Project 9s9d0pqx34', 'id mauris vulputate elementum nullam varius nulla facilisi cras non velit', 1275332.53, '2022-04-04', '2024-04-04', 2, 'Έβδομο', 1, 'Οικονομικό Πανεπιστήμιο Αθηνών', 9, 28, '2020-12-17');
insert into project (project_title, summary, funding, starting_date, final_date, duration, program_title, manager_id, org_name, assessor_id, score, assessment_date) values ('Project Ccw28n8yi8', 'sit amet nulla quisque arcu libero rutrum ac lobortis vel', 2268771.97, '2019-06-08', '2020-06-08', 1, 'Δέκατο Τρίτο', 20, 'Πανεπιστήμιο Δυτικής Μακεδονίας', 17, 40, '2019-09-24');
insert into project (project_title, summary, funding, starting_date, final_date, duration, program_title, manager_id, org_name, assessor_id, score, assessment_date) values ('Project mlzl5dh6n7', 'justo sit amet sapien dignissim vestibulum vestibulum ante ipsum primis in faucibus orci luctus et ultrices posuere cubilia', 4841692.64, '2018-11-15', '2022-11-15', 4, 'Δέκατο Όγδοο', 6, 'Ιόνιο Πανεπιστήμιο', 63, 68, '2018-09-03');
insert into project (project_title, summary, funding, starting_date, final_date, duration, program_title, manager_id, org_name, assessor_id, score, assessment_date) values ('Project Qqylcfzjq4', 'nibh in quis justo maecenas rhoncus aliquam lacus morbi quis tortor id nulla ultrices aliquet maecenas leo odio condimentum id', 890782.32, '2021-10-06', '2022-10-06', 1, 'Τριακοστό Τρίτο', 10, 'Ελληνική Βιομηχανία Οχημάτων', 32, 40, '2019-05-10');
insert into project (project_title, summary, funding, starting_date, final_date, duration, program_title, manager_id, org_name, assessor_id, score, assessment_date) values ('Project pfmsh4pql1', 'arcu sed augue aliquam erat volutpat in congue etiam justo etiam pretium', 3020507.07, '2021-06-21', '2024-06-21', 3, 'Δέκατο', 9, 'Δωδώνη', 16, 14, '2022-04-06');
insert into project (project_title, summary, funding, starting_date, final_date, duration, program_title, manager_id, org_name, assessor_id, score, assessment_date) values ('Project To61uzuan5', 'est phasellus sit amet erat nulla tempus vivamus in felis eu sapien cursus vestibulum proin eu mi', 7349522.98, '2018-07-18', '2019-07-18', 1, 'Πέμπτο', 4, 'Ναυπηγεία Ελευσίνας', 62, 90, '2019-08-15');
insert into project (project_title, summary, funding, starting_date, final_date, duration, program_title, manager_id, org_name, assessor_id, score, assessment_date) values ('Project R84b5ap9m8', 'sed nisl nunc rhoncus dui vel sem sed sagittis nam congue risus semper porta volutpat', 5908003.02, '2019-09-28', '2022-09-28', 3, 'Εικοστό Δεύτερο', 20, 'Πανεπιστήμιο Κρήτης', 62, 20, '2019-11-05');
insert into project (project_title, summary, funding, starting_date, final_date, duration, program_title, manager_id, org_name, assessor_id, score, assessment_date) values ('Project qp84102h82', 'lorem vitae mattis nibh ligula nec sem duis aliquam convallis nunc proin', 1549891.16, '2018-09-27', '2022-09-27', 4, 'Δέκατο', 3, 'Οικονομικό Πανεπιστήμιο Αθηνών', 101, 27, '2018-04-06');
insert into project (project_title, summary, funding, starting_date, final_date, duration, program_title, manager_id, org_name, assessor_id, score, assessment_date) values ('Project cx73xsq856', 'cum sociis natoque penatibus et magnis dis parturient montes nascetur ridiculus mus', 3731532.32, '2021-09-04', '2025-09-04', 4, 'Ενδέκατο', 15, 'Πανεπιστήμιο Δυτικής Αττικής', 55, 40, '2018-10-05');
insert into project (project_title, summary, funding, starting_date, final_date, duration, program_title, manager_id, org_name, assessor_id, score, assessment_date) values ('Project hflfp2if21', 'erat volutpat in congue etiam justo etiam pretium iaculis justo in hac habitasse platea dictumst etiam', 6473541.07, '2021-12-20', '2025-12-20', 4, 'Δέκατο Τρίτο', 24, 'Motor Oil', 75, 100, '2019-01-14');
insert into project (project_title, summary, funding, starting_date, final_date, duration, program_title, manager_id, org_name, assessor_id, score, assessment_date) values ('Project Lta4xm5bq1', 'amet nulla quisque arcu libero rutrum ac lobortis vel dapibus', 2530298.99, '2020-04-01', '2024-04-01', 4, 'Εικοστό Πρώτο', 20, 'Vodafone', 19, 6, '2021-11-16');
insert into project (project_title, summary, funding, starting_date, final_date, duration, program_title, manager_id, org_name, assessor_id, score, assessment_date) values ('Project kl7d3fxo09', 'praesent blandit lacinia erat vestibulum sed magna at nunc commodo placerat praesent blandit nam nulla integer pede', 5276567.78, '2019-08-22', '2020-08-22', 1, 'Εικοστό Πέμπτο', 25, 'COSMOTE', 68, 80, '2018-03-28');
insert into project (project_title, summary, funding, starting_date, final_date, duration, program_title, manager_id, org_name, assessor_id, score, assessment_date) values ('Project 4l9w12z4q0', 'integer ac leo pellentesque ultrices mattis odio donec vitae nisi nam ultrices libero non mattis pulvinar nulla pede ullamcorper augue', 5974243.86, '2021-03-05', '2022-03-05', 1, 'Εικοστό Δεύτερο', 5, 'Εθνικό Δίκτυο Έρευνας και Τεχνολογίας', 101, 70, '2020-09-10');
insert into project (project_title, summary, funding, starting_date, final_date, duration, program_title, manager_id, org_name, assessor_id, score, assessment_date) values ('Project B53xw7kpn1', 'ante ipsum primis in faucibus orci luctus et ultrices posuere cubilia curae duis faucibus accumsan odio curabitur convallis duis', 1756092.39, '2021-04-06', '2023-04-06', 2, 'Τριακοστό Δεύτερο', 1, 'PFIZER Ελλάδος', 57, 25, '2020-11-18');

insert into report (project_id, report_title, report_summary, due_date) values (13, 'Report 81', 'ullamcorper augue a suscipit nulla elit ac nulla sed vel enim', '2019-01-06 03:28:40');
insert into report (project_id, report_title, report_summary, due_date) values (3, 'Report 80', 'tempus vel pede morbi porttitor lorem id ligula suspendisse ornare consequat lectus in est', '2019-03-03 02:57:50');
insert into report (project_id, report_title, report_summary, due_date) values (31, 'Report 70', 'posuere cubilia curae duis faucibus accumsan odio curabitur convallis duis consequat dui nec nisi volutpat', '2021-10-30 09:22:51');
insert into report (project_id, report_title, report_summary, due_date) values (12, 'Report 64', 'ante nulla justo aliquam quis turpis eget elit sodales scelerisque', '2019-09-16 18:08:32');
insert into report (project_id, report_title, report_summary, due_date) values (13, 'Report 85', 'pede venenatis non sodales sed tincidunt eu felis fusce posuere felis sed lacus', '2021-03-18 00:14:42');
insert into report (project_id, report_title, report_summary, due_date) values (54, 'Report 79', 'vel ipsum praesent blandit lacinia erat vestibulum sed magna at nunc commodo placerat praesent blandit nam nulla integer', '2020-05-30 01:24:15');
insert into report (project_id, report_title, report_summary, due_date) values (10, 'Report 61', 'mauris enim leo rhoncus sed vestibulum sit amet cursus id turpis', '2019-10-30 08:38:56');
insert into report (project_id, report_title, report_summary, due_date) values (12, 'Report 32', 'tortor id nulla ultrices aliquet maecenas leo odio condimentum id luctus nec molestie sed justo pellentesque viverra pede ac', '2021-08-03 17:11:46');
insert into report (project_id, report_title, report_summary, due_date) values (14, 'Report 53', 'vitae ipsum aliquam non mauris morbi non lectus aliquam sit amet diam in', '2020-06-16 00:25:13');
insert into report (project_id, report_title, report_summary, due_date) values (33, 'Report 38', 'cursus urna ut tellus nulla ut erat id mauris vulputate elementum nullam varius nulla facilisi cras', '2020-07-01 02:27:50');
insert into report (project_id, report_title, report_summary, due_date) values (15, 'Report 46', 'tristique fusce congue diam id ornare imperdiet sapien urna pretium nisl ut volutpat', '2022-04-21 03:55:51');
insert into report (project_id, report_title, report_summary, due_date) values (5, 'Report 78', 'felis sed lacus morbi sem mauris laoreet ut rhoncus aliquet pulvinar sed nisl nunc rhoncus dui vel sem sed', '2020-06-02 20:14:08');
insert into report (project_id, report_title, report_summary, due_date) values (35, 'Report 31', 'metus sapien ut nunc vestibulum ante ipsum primis in faucibus orci luctus et', '2021-07-26 00:08:03');
insert into report (project_id, report_title, report_summary, due_date) values (7, 'Report 62', 'massa id lobortis convallis tortor risus dapibus augue vel accumsan tellus nisi eu orci', '2019-12-27 12:02:37');
insert into report (project_id, report_title, report_summary, due_date) values (1, 'Report 91', 'tincidunt eu felis fusce posuere felis sed lacus morbi sem mauris laoreet ut rhoncus aliquet pulvinar sed nisl nunc rhoncus', '2019-02-11 20:13:00');
insert into report (project_id, report_title, report_summary, due_date) values (33, 'Report 43', 'duis ac nibh fusce lacus purus aliquet at feugiat non pretium', '2020-10-05 14:43:00');
insert into report (project_id, report_title, report_summary, due_date) values (57, 'Report 16', 'mauris ullamcorper purus sit amet nulla quisque arcu libero rutrum ac lobortis vel dapibus at diam nam tristique', '2019-04-12 07:11:43');
insert into report (project_id, report_title, report_summary, due_date) values (11, 'Report 54', 'sagittis nam congue risus semper porta volutpat quam pede lobortis ligula sit amet', '2021-05-18 13:53:39');
insert into report (project_id, report_title, report_summary, due_date) values (26, 'Report 16', 'justo nec condimentum neque sapien placerat ante nulla justo aliquam', '2021-02-23 07:56:14');
insert into report (project_id, report_title, report_summary, due_date) values (17, 'Report 17', 'sit amet consectetuer adipiscing elit proin interdum mauris non ligula pellentesque ultrices phasellus id sapien', '2019-03-07 16:54:55');
insert into report (project_id, report_title, report_summary, due_date) values (21, 'Report 99', 'massa volutpat convallis morbi odio odio elementum eu interdum eu tincidunt in leo maecenas pulvinar lobortis est phasellus sit', '2021-11-17 02:02:22');
insert into report (project_id, report_title, report_summary, due_date) values (48, 'Report 70', 'viverra diam vitae quam suspendisse potenti nullam porttitor lacus at turpis donec posuere metus vitae ipsum', '2019-01-23 15:48:46');
insert into report (project_id, report_title, report_summary, due_date) values (35, 'Report 25', 'vel accumsan tellus nisi eu orci mauris lacinia sapien quis libero nullam sit amet turpis elementum', '2019-05-20 17:05:35');
insert into report (project_id, report_title, report_summary, due_date) values (26, 'Report 95', 'volutpat dui maecenas tristique est et tempus semper est quam pharetra', '2020-03-01 09:15:07');
insert into report (project_id, report_title, report_summary, due_date) values (11, 'Report 96', 'natoque penatibus et magnis dis parturient montes nascetur ridiculus mus vivamus vestibulum sagittis sapien cum sociis', '2020-12-08 02:55:40');
insert into report (project_id, report_title, report_summary, due_date) values (14, 'Report 86', 'quam a odio in hac habitasse platea dictumst maecenas ut massa quis augue luctus tincidunt nulla mollis molestie', '2020-04-18 10:28:48');
insert into report (project_id, report_title, report_summary, due_date) values (50, 'Report 62', 'vulputate vitae nisl aenean lectus pellentesque eget nunc donec quis orci eget orci', '2022-05-15 04:18:30');
insert into report (project_id, report_title, report_summary, due_date) values (53, 'Report 42', 'orci mauris lacinia sapien quis libero nullam sit amet turpis elementum ligula vehicula consequat morbi a ipsum integer', '2020-06-08 02:46:53');
insert into report (project_id, report_title, report_summary, due_date) values (12, 'Report 21', 'lorem integer tincidunt ante vel ipsum praesent blandit lacinia erat vestibulum sed magna', '2021-05-09 18:40:12');
insert into report (project_id, report_title, report_summary, due_date) values (26, 'Report 93', 'varius ut blandit non interdum in ante vestibulum ante ipsum primis in faucibus orci luctus', '2020-09-10 05:11:55');
insert into report (project_id, report_title, report_summary, due_date) values (41, 'Report 11', 'quis orci nullam molestie nibh in lectus pellentesque at nulla', '2020-08-05 14:25:04');
insert into report (project_id, report_title, report_summary, due_date) values (13, 'Report 07', 'turpis nec euismod scelerisque quam turpis adipiscing lorem vitae mattis nibh ligula nec sem duis', '2021-02-21 07:25:09');
insert into report (project_id, report_title, report_summary, due_date) values (40, 'Report 24', 'fermentum donec ut mauris eget massa tempor convallis nulla neque libero convallis eget eleifend', '2022-03-02 00:02:48');
insert into report (project_id, report_title, report_summary, due_date) values (34, 'Report 40', 'quisque porta volutpat erat quisque erat eros viverra eget congue eget semper rutrum nulla nunc purus', '2020-12-24 08:51:42');
insert into report (project_id, report_title, report_summary, due_date) values (23, 'Report 57', 'dapibus duis at velit eu est congue elementum in hac habitasse platea dictumst morbi vestibulum velit id pretium iaculis diam', '2021-09-16 05:54:56');
insert into report (project_id, report_title, report_summary, due_date) values (22, 'Report 10', 'volutpat sapien arcu sed augue aliquam erat volutpat in congue etiam justo etiam pretium iaculis justo in hac', '2020-03-18 22:47:36');
insert into report (project_id, report_title, report_summary, due_date) values (27, 'Report 03', 'eu est congue elementum in hac habitasse platea dictumst morbi vestibulum velit id pretium iaculis diam erat fermentum justo nec', '2019-12-10 04:14:41');
insert into report (project_id, report_title, report_summary, due_date) values (11, 'Report 15', 'nulla dapibus dolor vel est donec odio justo sollicitudin ut suscipit a feugiat et eros vestibulum ac est lacinia nisi', '2020-02-11 16:25:13');
insert into report (project_id, report_title, report_summary, due_date) values (20, 'Report 87', 'massa volutpat convallis morbi odio odio elementum eu interdum eu tincidunt in leo maecenas pulvinar lobortis est phasellus', '2021-11-23 18:25:34');
insert into report (project_id, report_title, report_summary, due_date) values (48, 'Report 64', 'ultrices posuere cubilia curae duis faucibus accumsan odio curabitur convallis duis', '2020-02-07 23:07:32');
insert into report (project_id, report_title, report_summary, due_date) values (54, 'Report 87', 'ante ipsum primis in faucibus orci luctus et ultrices posuere cubilia curae mauris viverra diam vitae quam suspendisse potenti nullam', '2021-12-02 21:51:06');
insert into report (project_id, report_title, report_summary, due_date) values (60, 'Report 33', 'morbi vel lectus in quam fringilla rhoncus mauris enim leo rhoncus', '2022-02-20 22:44:52');
insert into report (project_id, report_title, report_summary, due_date) values (15, 'Report 56', 'sapien in sapien iaculis congue vivamus metus arcu adipiscing molestie hendrerit at vulputate vitae nisl aenean lectus pellentesque eget nunc', '2022-03-01 22:18:19');
insert into report (project_id, report_title, report_summary, due_date) values (54, 'Report 05', 'in consequat ut nulla sed accumsan felis ut at dolor quis', '2020-01-21 02:08:10');
insert into report (project_id, report_title, report_summary, due_date) values (41, 'Report 90', 'elementum in hac habitasse platea dictumst morbi vestibulum velit id pretium iaculis diam erat fermentum justo nec', '2021-01-24 14:28:57');
insert into report (project_id, report_title, report_summary, due_date) values (30, 'Report 22', 'faucibus orci luctus et ultrices posuere cubilia curae nulla dapibus dolor vel est', '2020-06-29 02:35:07');
insert into report (project_id, report_title, report_summary, due_date) values (55, 'Report 59', 'in eleifend quam a odio in hac habitasse platea dictumst maecenas', '2020-05-15 20:04:31');
insert into report (project_id, report_title, report_summary, due_date) values (32, 'Report 68', 'justo pellentesque viverra pede ac diam cras pellentesque volutpat dui maecenas', '2021-08-19 02:14:48');
insert into report (project_id, report_title, report_summary, due_date) values (33, 'Report 58', 'posuere cubilia curae mauris viverra diam vitae quam suspendisse potenti nullam porttitor lacus at turpis donec posuere metus', '2019-02-19 18:25:28');
insert into report (project_id, report_title, report_summary, due_date) values (56, 'Report 53', 'rutrum rutrum neque aenean auctor gravida sem praesent id massa id nisl venenatis lacinia', '2021-11-25 06:37:24');
insert into report (project_id, report_title, report_summary, due_date) values (30, 'Report 62', 'aliquam non mauris morbi non lectus aliquam sit amet diam in magna bibendum imperdiet nullam', '2021-12-22 01:36:45');
insert into report (project_id, report_title, report_summary, due_date) values (58, 'Report 39', 'libero ut massa volutpat convallis morbi odio odio elementum eu interdum eu tincidunt in leo', '2021-12-05 14:07:27');
insert into report (project_id, report_title, report_summary, due_date) values (8, 'Report 75', 'mus etiam vel augue vestibulum rutrum rutrum neque aenean auctor gravida sem praesent id massa id nisl venenatis lacinia aenean', '2021-09-16 05:06:33');
insert into report (project_id, report_title, report_summary, due_date) values (22, 'Report 60', 'odio cras mi pede malesuada in imperdiet et commodo vulputate justo in blandit ultrices enim lorem ipsum dolor sit amet', '2019-09-22 16:41:31');
insert into report (project_id, report_title, report_summary, due_date) values (26, 'Report 86', 'platea dictumst morbi vestibulum velit id pretium iaculis diam erat fermentum justo nec', '2019-08-15 00:30:37');
insert into report (project_id, report_title, report_summary, due_date) values (15, 'Report 73', 'morbi vel lectus in quam fringilla rhoncus mauris enim leo rhoncus sed vestibulum sit amet cursus id', '2019-03-19 17:32:53');
insert into report (project_id, report_title, report_summary, due_date) values (49, 'Report 80', 'dui vel sem sed sagittis nam congue risus semper porta volutpat quam pede lobortis ligula sit amet eleifend', '2019-08-31 19:56:41');
insert into report (project_id, report_title, report_summary, due_date) values (41, 'Report 82', 'amet nunc viverra dapibus nulla suscipit ligula in lacus curabitur at ipsum ac tellus semper interdum mauris', '2020-05-01 20:18:57');
insert into report (project_id, report_title, report_summary, due_date) values (25, 'Report 14', 'donec vitae nisi nam ultrices libero non mattis pulvinar nulla pede ullamcorper augue a suscipit nulla elit', '2021-12-19 03:48:01');
insert into report (project_id, report_title, report_summary, due_date) values (22, 'Report 96', 'convallis morbi odio odio elementum eu interdum eu tincidunt in leo maecenas pulvinar', '2019-03-07 09:42:42');
insert into report (project_id, report_title, report_summary, due_date) values (19, 'Report 72', 'felis sed interdum venenatis turpis enim blandit mi in porttitor pede justo eu massa', '2021-08-26 08:51:54');
insert into report (project_id, report_title, report_summary, due_date) values (56, 'Report 85', 'nisl aenean lectus pellentesque eget nunc donec quis orci eget orci vehicula condimentum', '2020-03-14 05:18:55');
insert into report (project_id, report_title, report_summary, due_date) values (52, 'Report 98', 'sit amet lobortis sapien sapien non mi integer ac neque duis bibendum morbi non quam nec', '2022-05-20 21:17:41');
insert into report (project_id, report_title, report_summary, due_date) values (38, 'Report 99', 'curabitur at ipsum ac tellus semper interdum mauris ullamcorper purus', '2019-02-09 07:20:27');
insert into report (project_id, report_title, report_summary, due_date) values (19, 'Report 15', 'maecenas pulvinar lobortis est phasellus sit amet erat nulla tempus vivamus in felis', '2020-09-24 16:35:30');
insert into report (project_id, report_title, report_summary, due_date) values (25, 'Report 63', 'augue aliquam erat volutpat in congue etiam justo etiam pretium iaculis justo in hac habitasse platea dictumst', '2020-03-26 23:18:06');
insert into report (project_id, report_title, report_summary, due_date) values (26, 'Report 94', 'mattis egestas metus aenean fermentum donec ut mauris eget massa tempor convallis nulla neque libero convallis', '2019-08-24 06:21:48');
insert into report (project_id, report_title, report_summary, due_date) values (30, 'Report 06', 'interdum in ante vestibulum ante ipsum primis in faucibus orci luctus et ultrices posuere', '2022-04-21 18:31:55');
insert into report (project_id, report_title, report_summary, due_date) values (51, 'Report 88', 'erat vestibulum sed magna at nunc commodo placerat praesent blandit nam nulla integer', '2022-03-16 14:37:59');
insert into report (project_id, report_title, report_summary, due_date) values (28, 'Report 46', 'ipsum dolor sit amet consectetuer adipiscing elit proin risus praesent lectus vestibulum quam sapien varius ut blandit non interdum in', '2019-07-02 08:46:14');
insert into report (project_id, report_title, report_summary, due_date) values (50, 'Report 88', 'varius nulla facilisi cras non velit nec nisi vulputate nonummy maecenas tincidunt lacus at', '2019-04-08 20:58:55');
insert into report (project_id, report_title, report_summary, due_date) values (46, 'Report 77', 'metus arcu adipiscing molestie hendrerit at vulputate vitae nisl aenean lectus pellentesque eget nunc donec quis', '2020-06-25 22:39:33');
insert into report (project_id, report_title, report_summary, due_date) values (5, 'Report 12', 'lorem ipsum dolor sit amet consectetuer adipiscing elit proin risus praesent', '2019-02-20 17:29:56');
insert into report (project_id, report_title, report_summary, due_date) values (3, 'Report 75', 'odio justo sollicitudin ut suscipit a feugiat et eros vestibulum ac est lacinia nisi venenatis', '2020-02-19 23:17:56');
insert into report (project_id, report_title, report_summary, due_date) values (39, 'Report 20', 'turpis adipiscing lorem vitae mattis nibh ligula nec sem duis aliquam convallis nunc proin at turpis a pede', '2019-06-10 16:37:40');
insert into report (project_id, report_title, report_summary, due_date) values (25, 'Report 29', 'ac nulla sed vel enim sit amet nunc viverra dapibus nulla suscipit ligula in lacus curabitur at ipsum ac', '2020-09-05 05:08:32');
insert into report (project_id, report_title, report_summary, due_date) values (18, 'Report 97', 'donec quis orci eget orci vehicula condimentum curabitur in libero ut massa volutpat convallis morbi odio odio', '2021-04-19 19:06:49');
insert into report (project_id, report_title, report_summary, due_date) values (8, 'Report 34', 'donec odio justo sollicitudin ut suscipit a feugiat et eros vestibulum ac', '2019-01-25 01:24:30');
insert into report (project_id, report_title, report_summary, due_date) values (34, 'Report 34', 'convallis morbi odio odio elementum eu interdum eu tincidunt in', '2021-09-09 01:11:31');

insert into researcher_on_project (researcher_id, project_id) values (96, 44);
insert into researcher_on_project (researcher_id, project_id) values (91, 22);
insert into researcher_on_project (researcher_id, project_id) values (15, 8);
insert into researcher_on_project (researcher_id, project_id) values (105, 7);
insert into researcher_on_project (researcher_id, project_id) values (51, 2);
insert into researcher_on_project (researcher_id, project_id) values (41, 16);
insert into researcher_on_project (researcher_id, project_id) values (51, 5);
insert into researcher_on_project (researcher_id, project_id) values (4, 46);
insert into researcher_on_project (researcher_id, project_id) values (20, 13);
insert into researcher_on_project (researcher_id, project_id) values (95, 36);
insert into researcher_on_project (researcher_id, project_id) values (107, 50);
insert into researcher_on_project (researcher_id, project_id) values (74, 26);
insert into researcher_on_project (researcher_id, project_id) values (98, 52);
insert into researcher_on_project (researcher_id, project_id) values (45, 27);
insert into researcher_on_project (researcher_id, project_id) values (85, 43);
insert into researcher_on_project (researcher_id, project_id) values (84, 18);
insert into researcher_on_project (researcher_id, project_id) values (40, 41);
insert into researcher_on_project (researcher_id, project_id) values (2, 24);
insert into researcher_on_project (researcher_id, project_id) values (4, 28);
insert into researcher_on_project (researcher_id, project_id) values (94, 55);
insert into researcher_on_project (researcher_id, project_id) values (37, 13);
insert into researcher_on_project (researcher_id, project_id) values (68, 46);
insert into researcher_on_project (researcher_id, project_id) values (69, 57);
insert into researcher_on_project (researcher_id, project_id) values (42, 51);
insert into researcher_on_project (researcher_id, project_id) values (108, 54);
insert into researcher_on_project (researcher_id, project_id) values (28, 10);
insert into researcher_on_project (researcher_id, project_id) values (13, 22);
insert into researcher_on_project (researcher_id, project_id) values (31, 34);
insert into researcher_on_project (researcher_id, project_id) values (60, 28);
insert into researcher_on_project (researcher_id, project_id) values (108, 37);
insert into researcher_on_project (researcher_id, project_id) values (12, 52);
insert into researcher_on_project (researcher_id, project_id) values (68, 60);
insert into researcher_on_project (researcher_id, project_id) values (109, 53);
insert into researcher_on_project (researcher_id, project_id) values (37, 23);
insert into researcher_on_project (researcher_id, project_id) values (70, 3);
insert into researcher_on_project (researcher_id, project_id) values (2, 14);
insert into researcher_on_project (researcher_id, project_id) values (23, 39);
insert into researcher_on_project (researcher_id, project_id) values (43, 15);
insert into researcher_on_project (researcher_id, project_id) values (16, 22);
insert into researcher_on_project (researcher_id, project_id) values (58, 26);
insert into researcher_on_project (researcher_id, project_id) values (10, 7);
insert into researcher_on_project (researcher_id, project_id) values (46, 49);
insert into researcher_on_project (researcher_id, project_id) values (78, 33);
insert into researcher_on_project (researcher_id, project_id) values (32, 33);
insert into researcher_on_project (researcher_id, project_id) values (50, 27);
insert into researcher_on_project (researcher_id, project_id) values (36, 3);
insert into researcher_on_project (researcher_id, project_id) values (58, 56);
insert into researcher_on_project (researcher_id, project_id) values (105, 4);
insert into researcher_on_project (researcher_id, project_id) values (100, 45);
insert into researcher_on_project (researcher_id, project_id) values (108, 17);
insert into researcher_on_project (researcher_id, project_id) values (2, 6);
insert into researcher_on_project (researcher_id, project_id) values (13, 39);
insert into researcher_on_project (researcher_id, project_id) values (26, 53);
insert into researcher_on_project (researcher_id, project_id) values (90, 1);
insert into researcher_on_project (researcher_id, project_id) values (98, 24);
insert into researcher_on_project (researcher_id, project_id) values (64, 6);
insert into researcher_on_project (researcher_id, project_id) values (10, 18);
insert into researcher_on_project (researcher_id, project_id) values (34, 60);
insert into researcher_on_project (researcher_id, project_id) values (38, 6);
insert into researcher_on_project (researcher_id, project_id) values (98, 4);
insert into researcher_on_project (researcher_id, project_id) values (41, 19);
insert into researcher_on_project (researcher_id, project_id) values (72, 26);
insert into researcher_on_project (researcher_id, project_id) values (82, 19);
insert into researcher_on_project (researcher_id, project_id) values (40, 36);
insert into researcher_on_project (researcher_id, project_id) values (73, 36);
insert into researcher_on_project (researcher_id, project_id) values (32, 3);
insert into researcher_on_project (researcher_id, project_id) values (36, 49);
insert into researcher_on_project (researcher_id, project_id) values (78, 20);
insert into researcher_on_project (researcher_id, project_id) values (7, 33);
insert into researcher_on_project (researcher_id, project_id) values (23, 5);
insert into researcher_on_project (researcher_id, project_id) values (3, 5);
insert into researcher_on_project (researcher_id, project_id) values (23, 23);
insert into researcher_on_project (researcher_id, project_id) values (41, 36);
insert into researcher_on_project (researcher_id, project_id) values (52, 11);
insert into researcher_on_project (researcher_id, project_id) values (76, 38);
insert into researcher_on_project (researcher_id, project_id) values (69, 44);
insert into researcher_on_project (researcher_id, project_id) values (55, 33);
insert into researcher_on_project (researcher_id, project_id) values (78, 54);
insert into researcher_on_project (researcher_id, project_id) values (86, 10);
insert into researcher_on_project (researcher_id, project_id) values (110, 12);
insert into researcher_on_project (researcher_id, project_id) values (48, 49);
insert into researcher_on_project (researcher_id, project_id) values (106, 36);
insert into researcher_on_project (researcher_id, project_id) values (82, 34);
insert into researcher_on_project (researcher_id, project_id) values (106, 6);
insert into researcher_on_project (researcher_id, project_id) values (4, 20);
insert into researcher_on_project (researcher_id, project_id) values (50, 57);
insert into researcher_on_project (researcher_id, project_id) values (12, 28);
insert into researcher_on_project (researcher_id, project_id) values (62, 59);
insert into researcher_on_project (researcher_id, project_id) values (22, 18);
insert into researcher_on_project (researcher_id, project_id) values (73, 39);
insert into researcher_on_project (researcher_id, project_id) values (65, 4);
insert into researcher_on_project (researcher_id, project_id) values (98, 50);
insert into researcher_on_project (researcher_id, project_id) values (93, 45);
insert into researcher_on_project (researcher_id, project_id) values (29, 14);
insert into researcher_on_project (researcher_id, project_id) values (38, 42);
insert into researcher_on_project (researcher_id, project_id) values (47, 1);
insert into researcher_on_project (researcher_id, project_id) values (54, 40);
insert into researcher_on_project (researcher_id, project_id) values (64, 35);
insert into researcher_on_project (researcher_id, project_id) values (75, 45);
insert into researcher_on_project (researcher_id, project_id) values (106, 15);
insert into researcher_on_project (researcher_id, project_id) values (50, 40);
insert into researcher_on_project (researcher_id, project_id) values (81, 44);
insert into researcher_on_project (researcher_id, project_id) values (92, 3);
insert into researcher_on_project (researcher_id, project_id) values (43, 59);
insert into researcher_on_project (researcher_id, project_id) values (11, 46);
insert into researcher_on_project (researcher_id, project_id) values (7, 21);
insert into researcher_on_project (researcher_id, project_id) values (10, 58);
insert into researcher_on_project (researcher_id, project_id) values (55, 29);
insert into researcher_on_project (researcher_id, project_id) values (66, 39);
insert into researcher_on_project (researcher_id, project_id) values (3, 30);
insert into researcher_on_project (researcher_id, project_id) values (16, 58);
insert into researcher_on_project (researcher_id, project_id) values (1, 19);
insert into researcher_on_project (researcher_id, project_id) values (81, 4);
insert into researcher_on_project (researcher_id, project_id) values (106, 25);
insert into researcher_on_project (researcher_id, project_id) values (29, 2);
insert into researcher_on_project (researcher_id, project_id) values (82, 46);
insert into researcher_on_project (researcher_id, project_id) values (96, 35);
insert into researcher_on_project (researcher_id, project_id) values (23, 17);
insert into researcher_on_project (researcher_id, project_id) values (75, 47);
insert into researcher_on_project (researcher_id, project_id) values (53, 15);
insert into researcher_on_project (researcher_id, project_id) values (83, 21);
insert into researcher_on_project (researcher_id, project_id) values (17, 15);
insert into researcher_on_project (researcher_id, project_id) values (108, 7);
insert into researcher_on_project (researcher_id, project_id) values (104, 29);
insert into researcher_on_project (researcher_id, project_id) values (94, 6);
insert into researcher_on_project (researcher_id, project_id) values (19, 25);
insert into researcher_on_project (researcher_id, project_id) values (108, 31);
insert into researcher_on_project (researcher_id, project_id) values (24, 46);
insert into researcher_on_project (researcher_id, project_id) values (30, 28);
insert into researcher_on_project (researcher_id, project_id) values (71, 22);
insert into researcher_on_project (researcher_id, project_id) values (32, 4);
insert into researcher_on_project (researcher_id, project_id) values (78, 37);
insert into researcher_on_project (researcher_id, project_id) values (13, 4);
insert into researcher_on_project (researcher_id, project_id) values (80, 3);
insert into researcher_on_project (researcher_id, project_id) values (83, 55);
insert into researcher_on_project (researcher_id, project_id) values (11, 15);
insert into researcher_on_project (researcher_id, project_id) values (5, 6);
insert into researcher_on_project (researcher_id, project_id) values (48, 17);
insert into researcher_on_project (researcher_id, project_id) values (68, 3);
insert into researcher_on_project (researcher_id, project_id) values (80, 37);
insert into researcher_on_project (researcher_id, project_id) values (94, 43);
insert into researcher_on_project (researcher_id, project_id) values (19, 32);
insert into researcher_on_project (researcher_id, project_id) values (100, 56);
insert into researcher_on_project (researcher_id, project_id) values (58, 49);
insert into researcher_on_project (researcher_id, project_id) values (51, 38);
insert into researcher_on_project (researcher_id, project_id) values (69, 46);
insert into researcher_on_project (researcher_id, project_id) values (25, 46);
insert into researcher_on_project (researcher_id, project_id) values (72, 56);
insert into researcher_on_project (researcher_id, project_id) values (83, 43);
insert into researcher_on_project (researcher_id, project_id) values (80, 31);
insert into researcher_on_project (researcher_id, project_id) values (65, 10);
insert into researcher_on_project (researcher_id, project_id) values (30, 60);
insert into researcher_on_project (researcher_id, project_id) values (92, 46);
insert into researcher_on_project (researcher_id, project_id) values (84, 3);
insert into researcher_on_project (researcher_id, project_id) values (93, 11);
insert into researcher_on_project (researcher_id, project_id) values (100, 13);
insert into researcher_on_project (researcher_id, project_id) values (38, 49);
insert into researcher_on_project (researcher_id, project_id) values (8, 44);
insert into researcher_on_project (researcher_id, project_id) values (68, 19);
insert into researcher_on_project (researcher_id, project_id) values (16, 11);
insert into researcher_on_project (researcher_id, project_id) values (86, 27);
insert into researcher_on_project (researcher_id, project_id) values (47, 43);
insert into researcher_on_project (researcher_id, project_id) values (85, 47);
insert into researcher_on_project (researcher_id, project_id) values (30, 25);
insert into researcher_on_project (researcher_id, project_id) values (75, 24);
insert into researcher_on_project (researcher_id, project_id) values (50, 52);
insert into researcher_on_project (researcher_id, project_id) values (107, 47);
insert into researcher_on_project (researcher_id, project_id) values (77, 48);
insert into researcher_on_project (researcher_id, project_id) values (70, 9);
insert into researcher_on_project (researcher_id, project_id) values (32, 38);
insert into researcher_on_project (researcher_id, project_id) values (92, 35);
insert into researcher_on_project (researcher_id, project_id) values (105, 37);
insert into researcher_on_project (researcher_id, project_id) values (25, 48);
insert into researcher_on_project (researcher_id, project_id) values (69, 60);
insert into researcher_on_project (researcher_id, project_id) values (4, 18);
insert into researcher_on_project (researcher_id, project_id) values (105, 34);
insert into researcher_on_project (researcher_id, project_id) values (61, 12);
insert into researcher_on_project (researcher_id, project_id) values (60, 20);
insert into researcher_on_project (researcher_id, project_id) values (5, 55);
insert into researcher_on_project (researcher_id, project_id) values (19, 22);
insert into researcher_on_project (researcher_id, project_id) values (12, 11);
insert into researcher_on_project (researcher_id, project_id) values (27, 35);
insert into researcher_on_project (researcher_id, project_id) values (30, 50);
insert into researcher_on_project (researcher_id, project_id) values (89, 41);
insert into researcher_on_project (researcher_id, project_id) values (72, 57);
insert into researcher_on_project (researcher_id, project_id) values (75, 10);
insert into researcher_on_project (researcher_id, project_id) values (86, 31);
insert into researcher_on_project (researcher_id, project_id) values (89, 3);
insert into researcher_on_project (researcher_id, project_id) values (54, 26);
insert into researcher_on_project (researcher_id, project_id) values (99, 58);
insert into researcher_on_project (researcher_id, project_id) values (69, 55);
insert into researcher_on_project (researcher_id, project_id) values (33, 45);
insert into researcher_on_project (researcher_id, project_id) values (95, 32);
insert into researcher_on_project (researcher_id, project_id) values (25, 36);
insert into researcher_on_project (researcher_id, project_id) values (54, 7);
insert into researcher_on_project (researcher_id, project_id) values (2, 41);
insert into researcher_on_project (researcher_id, project_id) values (40, 20);
insert into researcher_on_project (researcher_id, project_id) values (61, 59);
insert into researcher_on_project (researcher_id, project_id) values (96, 3);
insert into researcher_on_project (researcher_id, project_id) values (97, 41);
insert into researcher_on_project (researcher_id, project_id) values (4, 9);
insert into researcher_on_project (researcher_id, project_id) values (89, 56);
insert into researcher_on_project (researcher_id, project_id) values (76, 7);
insert into researcher_on_project (researcher_id, project_id) values (108, 5);
insert into researcher_on_project (researcher_id, project_id) values (43, 58);
insert into researcher_on_project (researcher_id, project_id) values (56, 20);
insert into researcher_on_project (researcher_id, project_id) values (51, 29);
insert into researcher_on_project (researcher_id, project_id) values (81, 18);
insert into researcher_on_project (researcher_id, project_id) values (66, 31);
insert into researcher_on_project (researcher_id, project_id) values (104, 11);
insert into researcher_on_project (researcher_id, project_id) values (5, 24);
insert into researcher_on_project (researcher_id, project_id) values (52, 7);
insert into researcher_on_project (researcher_id, project_id) values (89, 5);
insert into researcher_on_project (researcher_id, project_id) values (84, 13);
insert into researcher_on_project (researcher_id, project_id) values (26, 18);
insert into researcher_on_project (researcher_id, project_id) values (89, 44);
insert into researcher_on_project (researcher_id, project_id) values (102, 52);
insert into researcher_on_project (researcher_id, project_id) values (26, 46);
insert into researcher_on_project (researcher_id, project_id) values (26, 51);
insert into researcher_on_project (researcher_id, project_id) values (33, 37);
insert into researcher_on_project (researcher_id, project_id) values (2, 60);
insert into researcher_on_project (researcher_id, project_id) values (109, 25);
insert into researcher_on_project (researcher_id, project_id) values (67, 59);
insert into researcher_on_project (researcher_id, project_id) values (49, 21);
insert into researcher_on_project (researcher_id, project_id) values (49, 3);
insert into researcher_on_project (researcher_id, project_id) values (102, 49);
insert into researcher_on_project (researcher_id, project_id) values (67, 46);
insert into researcher_on_project (researcher_id, project_id) values (95, 51);
insert into researcher_on_project (researcher_id, project_id) values (33, 40);
insert into researcher_on_project (researcher_id, project_id) values (26, 50);
insert into researcher_on_project (researcher_id, project_id) values (55, 4);
insert into researcher_on_project (researcher_id, project_id) values (7, 56);
insert into researcher_on_project (researcher_id, project_id) values (76, 56);
insert into researcher_on_project (researcher_id, project_id) values (42, 15);

insert into scientific_field_of (sf_subject, project_id) values ('Επιστήμη Δεδομένων', 7);
insert into scientific_field_of (sf_subject, project_id) values ('Τεχνητή Νοημοσύνη', 43);
insert into scientific_field_of (sf_subject, project_id) values ('Χρηματοοικονομικά', 9);
insert into scientific_field_of (sf_subject, project_id) values ('Τεχνητή Νοημοσύνη', 14);
insert into scientific_field_of (sf_subject, project_id) values ('Μάρκετινγκ', 19);
insert into scientific_field_of (sf_subject, project_id) values ('Γεωλογία', 32);
insert into scientific_field_of (sf_subject, project_id) values ('Φυσική', 42);
insert into scientific_field_of (sf_subject, project_id) values ('Μάρκετινγκ', 17);
insert into scientific_field_of (sf_subject, project_id) values ('Ενέργεια', 53);
insert into scientific_field_of (sf_subject, project_id) values ('Ενέργεια', 29);
insert into scientific_field_of (sf_subject, project_id) values ('Logistics', 50);
insert into scientific_field_of (sf_subject, project_id) values ('Υλικά', 10);
insert into scientific_field_of (sf_subject, project_id) values ('Εφαρμοσμένα Μαθηματικά', 36);
insert into scientific_field_of (sf_subject, project_id) values ('Τεχνητή Νοημοσύνη', 40);
insert into scientific_field_of (sf_subject, project_id) values ('Αστρονομία', 13);
insert into scientific_field_of (sf_subject, project_id) values ('Φυσική', 31);
insert into scientific_field_of (sf_subject, project_id) values ('Μάρκετινγκ', 4);
insert into scientific_field_of (sf_subject, project_id) values ('Βιοπληροφορική', 52);
insert into scientific_field_of (sf_subject, project_id) values ('Ρευστομηχανική', 29);
insert into scientific_field_of (sf_subject, project_id) values ('Ενέργεια', 58);
insert into scientific_field_of (sf_subject, project_id) values ('Υλικά', 57);
insert into scientific_field_of (sf_subject, project_id) values ('Ωκεανογραφία', 58);
insert into scientific_field_of (sf_subject, project_id) values ('Φαρμακευτική', 15);
insert into scientific_field_of (sf_subject, project_id) values ('Φαρμακευτική', 16);
insert into scientific_field_of (sf_subject, project_id) values ('Φυσική', 9);
insert into scientific_field_of (sf_subject, project_id) values ('Τηλεπικοινωνίες', 49);
insert into scientific_field_of (sf_subject, project_id) values ('Εφαρμοσμένα Μαθηματικά', 23);
insert into scientific_field_of (sf_subject, project_id) values ('Επιστήμη Δεδομένων', 22);
insert into scientific_field_of (sf_subject, project_id) values ('Φυσική', 5);
insert into scientific_field_of (sf_subject, project_id) values ('Υλικά', 11);
insert into scientific_field_of (sf_subject, project_id) values ('Διοίκηση Επιχειρήσεων', 55);
insert into scientific_field_of (sf_subject, project_id) values ('Μετεωρολογία', 40);
insert into scientific_field_of (sf_subject, project_id) values ('Γεωλογία', 5);
insert into scientific_field_of (sf_subject, project_id) values ('Διοίκηση Επιχειρήσεων', 5);
insert into scientific_field_of (sf_subject, project_id) values ('Γεωλογία', 49);
insert into scientific_field_of (sf_subject, project_id) values ('Μετεωρολογία', 59);
insert into scientific_field_of (sf_subject, project_id) values ('Γεωπονία', 53);
insert into scientific_field_of (sf_subject, project_id) values ('Διοίκηση Επιχειρήσεων', 51);
insert into scientific_field_of (sf_subject, project_id) values ('Ωκεανογραφία', 9);
insert into scientific_field_of (sf_subject, project_id) values ('Επιστήμη Δεδομένων', 9);
insert into scientific_field_of (sf_subject, project_id) values ('Γεωλογία', 13);
insert into scientific_field_of (sf_subject, project_id) values ('Χρηματοοικονομικά', 41);
insert into scientific_field_of (sf_subject, project_id) values ('Εφαρμοσμένα Μαθηματικά', 7);
insert into scientific_field_of (sf_subject, project_id) values ('Αεροναυπηγική', 11);
insert into scientific_field_of (sf_subject, project_id) values ('Γενετική', 37);
insert into scientific_field_of (sf_subject, project_id) values ('Γεωλογία', 59);
insert into scientific_field_of (sf_subject, project_id) values ('Ωκεανογραφία', 26);
insert into scientific_field_of (sf_subject, project_id) values ('Ενέργεια', 60);
insert into scientific_field_of (sf_subject, project_id) values ('Βιολογία', 20);
insert into scientific_field_of (sf_subject, project_id) values ('Βιοπληροφορική', 35);
insert into scientific_field_of (sf_subject, project_id) values ('Αεροναυπηγική', 14);
insert into scientific_field_of (sf_subject, project_id) values ('Γεωπληροφορική', 19);
insert into scientific_field_of (sf_subject, project_id) values ('Τηλεπικοινωνίες', 12);
insert into scientific_field_of (sf_subject, project_id) values ('Αεροναυπηγική', 32);
insert into scientific_field_of (sf_subject, project_id) values ('Αεροναυπηγική', 30);
insert into scientific_field_of (sf_subject, project_id) values ('Μάρκετινγκ', 27);
insert into scientific_field_of (sf_subject, project_id) values ('Διοίκηση Επιχειρήσεων', 21);
insert into scientific_field_of (sf_subject, project_id) values ('Logistics', 25);
insert into scientific_field_of (sf_subject, project_id) values ('Διοίκηση Επιχειρήσεων', 60);
insert into scientific_field_of (sf_subject, project_id) values ('Γεωπονία', 22);
insert into scientific_field_of (sf_subject, project_id) values ('Χρηματοοικονομικά', 43);
insert into scientific_field_of (sf_subject, project_id) values ('Αστρονομία', 36);
insert into scientific_field_of (sf_subject, project_id) values ('Ρευστομηχανική', 48);
insert into scientific_field_of (sf_subject, project_id) values ('Τηλεπικοινωνίες', 33);
insert into scientific_field_of (sf_subject, project_id) values ('Γενετική', 59);
insert into scientific_field_of (sf_subject, project_id) values ('Επιστήμη Δεδομένων', 21);
insert into scientific_field_of (sf_subject, project_id) values ('Τεχνητή Νοημοσύνη', 46);
insert into scientific_field_of (sf_subject, project_id) values ('Logistics', 27);
insert into scientific_field_of (sf_subject, project_id) values ('Ενέργεια', 7);
insert into scientific_field_of (sf_subject, project_id) values ('Ενέργεια', 43);
insert into scientific_field_of (sf_subject, project_id) values ('Τηλεπικοινωνίες', 51);
insert into scientific_field_of (sf_subject, project_id) values ('Διοίκηση Επιχειρήσεων', 2);
insert into scientific_field_of (sf_subject, project_id) values ('Αεροναυπηγική', 15);
insert into scientific_field_of (sf_subject, project_id) values ('Ενέργεια', 40);
insert into scientific_field_of (sf_subject, project_id) values ('Αεροναυπηγική', 37);
insert into scientific_field_of (sf_subject, project_id) values ('Βιοπληροφορική', 25);
insert into scientific_field_of (sf_subject, project_id) values ('Ρευστομηχανική', 57);
insert into scientific_field_of (sf_subject, project_id) values ('Μετεωρολογία', 1);
insert into scientific_field_of (sf_subject, project_id) values ('Γενετική', 24);
insert into scientific_field_of (sf_subject, project_id) values ('Μετεωρολογία', 27);
insert into scientific_field_of (sf_subject, project_id) values ('Υλικά', 27);
insert into scientific_field_of (sf_subject, project_id) values ('Υλικά', 36);
insert into scientific_field_of (sf_subject, project_id) values ('Χρηματοοικονομικά', 59);
insert into scientific_field_of (sf_subject, project_id) values ('Εφαρμοσμένα Μαθηματικά', 43);
insert into scientific_field_of (sf_subject, project_id) values ('Γεωπληροφορική', 32);
insert into scientific_field_of (sf_subject, project_id) values ('Χρηματοοικονομικά', 57);
insert into scientific_field_of (sf_subject, project_id) values ('Φυσική', 26);
insert into scientific_field_of (sf_subject, project_id) values ('Φαρμακευτική', 8);
insert into scientific_field_of (sf_subject, project_id) values ('Βιοπληροφορική', 57);
insert into scientific_field_of (sf_subject, project_id) values ('Τηλεπικοινωνίες', 57);
insert into scientific_field_of (sf_subject, project_id) values ('Χρηματοοικονομικά', 48);
insert into scientific_field_of (sf_subject, project_id) values ('Επιστήμη Δεδομένων', 60);
insert into scientific_field_of (sf_subject, project_id) values ('Επιστήμη Δεδομένων', 48);
insert into scientific_field_of (sf_subject, project_id) values ('Βιολογία', 15);
insert into scientific_field_of (sf_subject, project_id) values ('Μετεωρολογία', 3);
insert into scientific_field_of (sf_subject, project_id) values ('Ωκεανογραφία', 32);
insert into scientific_field_of (sf_subject, project_id) values ('Μετεωρολογία', 5);
insert into scientific_field_of (sf_subject, project_id) values ('Τεχνολογία Τροφίφων', 57);
insert into scientific_field_of (sf_subject, project_id) values ('Τηλεπικοινωνίες', 6);
