insert into organisation (org_name, abbreviation, street, street_number, postal_code, city, category) values ('Οικονομικό Πανεπιστήμιο Αθηνών', 'ΟΠΑ', '28ης Οκτωβρίου', '76', '10434', 'Αθήνα', 'university');
insert into organisation (org_name, abbreviation, street, street_number, postal_code, city, category) values ('Ναυπηγεία Ελευσίνας', 'ΝΑΥΕΛ', 'ΠΕΟ Αθηνών-Κορίνθου', NULL, '19200', 'Ελευσίνα', 'corporation');
insert into organisation (org_name, abbreviation, street, street_number, postal_code, city, category) values ('Πανεπιστήμιο Δυτικής Μακεδονίας', 'ΠΔΜ', 'Κοίλα', NULL, '50100', 'Κοζάνη', 'university');
insert into organisation (org_name, abbreviation, street, street_number, postal_code, city, category) values ('Πανεπιστήμιο Πατρών', 'ΠΑΤΡ', 'Πανεπιστημιούπολη Πατρών', NULL, '26504','Ρίο', 'university');
insert into organisation (org_name, abbreviation, street, street_number, postal_code, city, category) values ('Πολυτεχνείο Κρήτης', 'ΠΚ', 'Πολυτεχνειούπολη Χανίων', NULL, '73100', 'Ακρωτήρι', 'university');
insert into organisation (org_name, abbreviation, street, street_number, postal_code, city, category) values ('Δωδώνη', 'ΔΩΔ', 'Ταγματάρχη Κωστάκη', '1', '45500', 'Ελεούσα', 'corporation');
insert into organisation (org_name, abbreviation, street, street_number, postal_code, city, category) values ('ΤΙΤΑΝ', 'ΤΙΤ', 'Χαλκίδος', '22', '11143', 'Αθήνα', 'corporation');
insert into organisation (org_name, abbreviation, street, street_number, postal_code, city, category) values ('Εθνικό Μετσόβιο Πολυτεχνείο', 'ΕΜΠ', 'Ηρώων Πολυτεχνείου', '9', '15780', 'Ζωγράφου', 'university');
insert into organisation (org_name, abbreviation, street, street_number, postal_code, city, category) values ('Πανεπιστήμιο Θεσσαλίας', 'ΠΑΘΕ', 'Αργοναυτών & Φιλελλήνων', NULL, '38221', 'Βόλος', 'university');
insert into organisation (org_name, abbreviation, street, street_number, postal_code, city, category) values ('Αριστοτέλειο Πανεπιστήμιο Θεσσαλονίκης', 'ΑΠΘ', 'Αγ. Δημητρίου', NULL, '54124', 'Θεσσαλονίκη', 'univesity');
insert into organisation (org_name, abbreviation, street, street_number, postal_code, city, category) values ('Εθνικό Δίκτυο Έρευνας και Τεχνολογίας', 'ΕΔΥΤΕ', 'Λ. Κηφισίας', '7', '11523', 'Αθήνα', 'research_center');
insert into organisation (org_name, abbreviation, street, street_number, postal_code, city, category) values ('Ελληνικά Πετρέλαια','ΕΛΠΕ','Χειμάρρας', '8', '15125', 'Μαρούσι', 'corporation');
insert into organisation (org_name, abbreviation, street, street_number, postal_code, city, category) values ('Πανεπιστήμιο Αιγαίου', 'ΠΑ', 'Λόφος Πανεπιστημίου', NULL,'81100','Μυτιλήνη', 'university');
insert into organisation (org_name, abbreviation, street, street_number, postal_code, city, category) values ('Vodafone', 'VOD', 'Τζαβέλλα', '3', '15231', 'Χαλάνδρι', 'corporation');
insert into organisation (org_name, abbreviation, street, street_number, postal_code, city, category) values ('Olympia Electronics', 'OE', '72ο χλμ ΠΕΟ Θεσ-Κατ',NULL, '60300', 'Αιγίνιο', 'corporation');
insert into organisation (org_name, abbreviation, street, street_number, postal_code, city, category) values ('Ελληνική Βιομηχανία Οχημάτων', 'ΕΛΒΟ', 'ΒΙΠΕ Σίνδου', NULL, '57022', 'Σίνδος', 'corporation');
insert into organisation (org_name, abbreviation, street, street_number, postal_code, city, category) values ('PFIZER Ελλάδος', 'PFZR', 'Λ. Μεσογείων', '243', '15451', 'Νέο Ψυχικό', 'university');
insert into organisation (org_name, abbreviation, street, street_number, postal_code, city, category) values ('Πανεπιστήμιο Ιωαννίνων', 'ΠΙ', 'Πανεπιστημιούπολη Ιωαννίνων', NULL, '45110', 'Ιωάννινα', 'university');
insert into organisation (org_name, abbreviation, street, street_number, postal_code, city, category) values ('Motor Oil', 'MOTR', 'Ηρώδου Αττικού', '12', '15124', 'Μαρούσι', 'corporation');
insert into organisation (org_name, abbreviation, street, street_number, postal_code, city, category) values ('Δημοκρίτειο Πανεπιστήμιο Θράκης', 'ΔΠΘ', 'Πανεπιστημιούπολη Κομοτηνής', NULL, '69100', 'Κομοτηνή', 'university');
insert into organisation (org_name, abbreviation, street, street_number, postal_code, city, category) values ('Δημόκριτος', 'ΕΚΕΦΕ', 'Πατρ. Γρηγορίου & Νεαπόλεως', '27', '15341', 'Αγία Παρασκευή', 'research_center');
insert into organisation (org_name, abbreviation, street, street_number, postal_code, city, category) values ('Πανεπιστήμιο Δυτικής Αττικής', 'ΠΑΔΑ', 'Αγίου Σπυρίδωνος', '28', '12243', 'Αιγάλεω', 'university');
insert into organisation (org_name, abbreviation, street, street_number, postal_code, city, category) values ('Ιόνιο Πανεπιστήμιο', 'ΙΟΝΙΟ', 'Ιωάννου Θεοτόκη', '72', '49100', 'Κέρκυρα', 'university');
insert into organisation (org_name, abbreviation, street, street_number, postal_code, city, category) values ('Πανεπιστήμιο Κρήτης', 'ΠΚΡ', 'Πανεπιστημιούπολη Βουτών', NULL, '70013', 'Ηράκλειο', 'university');
insert into organisation (org_name, abbreviation, street, street_number, postal_code, city, category) values ('Διεθνές Πανεπιστήμιο Ελλάδος', 'ΔΙΠΑΕ', '14o χλμ Θεσσαλονίκης-Ν. Μουδανιών', NULL, '57001', 'Θεσσαλονίκη', 'university');
insert into organisation (org_name, abbreviation, street, street_number, postal_code, city, category) values ('COSMOTE', 'ΟΤΕ', 'Λ. Κηφισίας', '99', '15124', 'Μαρούσι', 'corporation');
insert into organisation (org_name, abbreviation, street, street_number, postal_code, city, category) values ('Ινστιτούτο Παστέρ', 'ΕΙΠ', 'Βασ. Σοφίας', '127', '11521', 'Αθήνα', 'research_center');
insert into organisation (org_name, abbreviation, street, street_number, postal_code, city, category) values ('Εθνικό Αστεροσκοπείο Αθηνών', 'ΕΑΕ', 'Λόφος Νυμφών', NULL, '11810', 'Αθήνα', 'research_center');
insert into organisation (org_name, abbreviation, street, street_number, postal_code, city, category) values ('Ανεξάρτητος Διαχειριστής Μεταφοράς Ηλεκτρικής Ενέργειας', 'ΑΔΜΗΕ', 'Δυρραχίου', '89', '10443', 'Αθήνα', 'corporation');
insert into organisation (org_name, abbreviation, street, street_number, postal_code, city, category) values ('ΕΛΒΑΛΧΑΛΚΟΡ', 'ΕΛΧΑ', 'Μεσογείων', '2', '11527', 'Αθήνα', 'corporation');
insert into telephone_number (t_number, org_name) values ('2101021545', 'COSMOTE');
insert into telephone_number (t_number, org_name) values ('2108432417', 'Εθνικό Αστεροσκοπείο Αθηνών');
insert into telephone_number (t_number, org_name) values ('2353054028', 'Olympia Electronics');
insert into telephone_number (t_number, org_name) values ('2353022418', 'Olympia Electronics');
insert into telephone_number (t_number, org_name) values ('2661089744', 'Ιόνιο Πανεπιστήμιο');
insert into telephone_number (t_number, org_name) values ('2610343656', 'Πανεπιστήμιο Πατρών');
insert into telephone_number (t_number, org_name) values ('2101866479', 'Vodafone');
insert into telephone_number (t_number, org_name) values ('2325051993', 'Πανεπιστήμιο Κρήτης');
insert into telephone_number (t_number, org_name) values ('2106491775', 'ΤΙΤΑΝ');
insert into telephone_number (t_number, org_name) values ('2101760663', 'PFIZER Ελλάδος');
insert into telephone_number (t_number, org_name) values ('2101393832', 'PFIZER Ελλάδος');
insert into telephone_number (t_number, org_name) values ('2104594152', 'Motor Oil');
insert into telephone_number (t_number, org_name) values ('2100921474', 'ΤΙΤΑΝ');
insert into telephone_number (t_number, org_name) values ('2461053131', 'Πανεπιστήμιο Δυτικής Μακεδονίας');
insert into telephone_number (t_number, org_name) values ('2251097311', 'Πανεπιστήμιο Αιγαίου');
insert into telephone_number (t_number, org_name) values ('2251097312', 'Πανεπιστήμιο Αιγαίου');
insert into telephone_number (t_number, org_name) values ('2100436391', 'Εθνικό Δίκτυο Έρευνας και Τεχνολογίας');
insert into telephone_number (t_number, org_name) values ('2107627661', 'Εθνικό Μετσόβιο Πολυτεχνείο');
insert into telephone_number (t_number, org_name) values ('2107328620', 'Δημόκριτος');
insert into telephone_number (t_number, org_name) values ('2100577433', 'Πανεπιστήμιο Δυτικής Αττικής');
insert into telephone_number (t_number, org_name) values ('2531076124', 'Δημοκρίτειο Πανεπιστήμιο Θράκης');
insert into telephone_number (t_number, org_name) values ('2651023229', 'Πανεπιστήμιο Ιωαννίνων');
insert into telephone_number (t_number, org_name) values ('2107215736', 'COSMOTE');
insert into telephone_number (t_number, org_name) values ('2106582378', 'COSMOTE');
insert into telephone_number (t_number, org_name) values ('2103420985', 'Δημόκριτος');
insert into telephone_number (t_number, org_name) values ('2108491092', 'COSMOTE');
insert into telephone_number (t_number, org_name) values ('2410516126', 'Πανεπιστήμιο Θεσσαλίας');
insert into telephone_number (t_number, org_name) values ('2310464398', 'Διεθνές Πανεπιστήμιο Ελλάδος');
insert into telephone_number (t_number, org_name) values ('2651054520', 'Πανεπιστήμιο Ιωαννίνων');
insert into telephone_number (t_number, org_name) values ('2103426126', 'ΕΛΒΑΛΧΑΛΚΟΡ');
insert into telephone_number (t_number, org_name) values ('2104546473', 'Εθνικό Αστεροσκοπείο Αθηνών');
insert into telephone_number (t_number, org_name) values ('2102749995', 'Εθνικό Μετσόβιο Πολυτεχνείο');
insert into telephone_number (t_number, org_name) values ('2102490387', 'Εθνικό Αστεροσκοπείο Αθηνών');
insert into telephone_number (t_number, org_name) values ('2103141793', 'COSMOTE');
insert into telephone_number (t_number, org_name) values ('2353067198', 'Olympia Electronics');
insert into telephone_number (t_number, org_name) values ('2100231566', 'Πανεπιστήμιο Θεσσαλίας');
insert into telephone_number (t_number, org_name) values ('2461022912', 'Πανεπιστήμιο Δυτικής Μακεδονίας');
insert into telephone_number (t_number, org_name) values ('2325085112', 'Πανεπιστήμιο Κρήτης');
insert into telephone_number (t_number, org_name) values ('2353085714', 'Olympia Electronics');
insert into telephone_number (t_number, org_name) values ('2410820317', 'Πανεπιστήμιο Θεσσαλίας');
insert into telephone_number (t_number, org_name) values ('2100435218', 'PFIZER Ελλάδος');
insert into telephone_number (t_number, org_name) values ('2108574682', 'ΕΛΒΑΛΧΑΛΚΟΡ');
insert into telephone_number (t_number, org_name) values ('2651048592', 'Δωδώνη');
insert into telephone_number (t_number, org_name) values ('2107288800', 'Εθνικό Μετσόβιο Πολυτεχνείο');
insert into telephone_number (t_number, org_name) values ('2353079920', 'Olympia Electronics');
insert into telephone_number (t_number, org_name) values ('2109622637', 'Οικονομικό Πανεπιστήμιο Αθηνών');
insert into telephone_number (t_number, org_name) values ('2531058892', 'Δημοκρίτειο Πανεπιστήμιο Θράκης');
insert into telephone_number (t_number, org_name) values ('2410431400', 'Πανεπιστήμιο Θεσσαλίας');
insert into telephone_number (t_number, org_name) values ('2101170774', 'Εθνικό Δίκτυο Έρευνας και Τεχνολογίας');
insert into telephone_number (t_number, org_name) values ('2109452451', 'Ανεξάρτητος Διαχειριστής Μεταφοράς Ηλεκτρικής Ενέργειας');
insert into researcher (researcher_name, researcher_surname, gender, date_of_birth, org_name, contract_date) values ('Περικλής', 'Τάτσης', 'M', '1965-08-23 08:07:56', 'Εθνικό Αστεροσκοπείο Αθηνών', '2015-11-27 06:24:09');
insert into researcher (researcher_name, researcher_surname, gender, date_of_birth, org_name, contract_date) values ('Ηλίας', 'Γαϊτανίδης', 'M', '1995-11-29 03:02:28', 'Πανεπιστήμιο Δυτικής Αττικής', '2017-06-14 08:43:37');
insert into researcher (researcher_name, researcher_surname, gender, date_of_birth, org_name, contract_date) values ('Αναστάσιος', 'Πουλόπουλος', 'M', '1986-07-03 09:21:25', 'Πανεπιστήμιο Κρήτης', '2003-07-29 14:37:16');
insert into researcher (researcher_name, researcher_surname, gender, date_of_birth, org_name, contract_date) values ('Αθανάσιος', 'Ιωάννου', 'M', '1989-09-14 11:17:34', 'Εθνικό Αστεροσκοπείο Αθηνών', '2017-01-19 01:19:50');
insert into researcher (researcher_name, researcher_surname, gender, date_of_birth, org_name, contract_date) values ('Περικλής', 'Δασκαλάκης', 'M', '1985-08-16 00:02:21', 'Πανεπιστήμιο Δυτικής Αττικής', '2015-06-18 04:29:26');
insert into researcher (researcher_name, researcher_surname, gender, date_of_birth, org_name, contract_date) values ('Σωκράτης', 'Σαμαράκης', 'M', '1968-08-20 06:00:51', 'Πανεπιστήμιο Κρήτης', '1998-01-04 03:33:16');
insert into researcher (researcher_name, researcher_surname, gender, date_of_birth, org_name, contract_date) values ('Συμεών', 'Δημητριάδης', 'M', '1966-10-27 12:40:14', 'Δημόκριτος', '2012-07-15 06:14:51');
insert into researcher (researcher_name, researcher_surname, gender, date_of_birth, org_name, contract_date) values ('Γιάνης', 'Δασκαλάκης', 'M', '1978-11-16 08:00:30', 'Εθνικό Αστεροσκοπείο Αθηνών', '2002-07-26 14:52:18');
insert into researcher (researcher_name, researcher_surname, gender, date_of_birth, org_name, contract_date) values ('Περικλής', 'Ξενίκας', 'M', '1962-02-11 15:05:46', 'Πανεπιστήμιο Δυτικής Αττικής', '2006-10-23 08:58:00');
insert into researcher (researcher_name, researcher_surname, gender, date_of_birth, org_name, contract_date) values ('Κιαμάλ', 'Σιώντης', 'M', '1990-12-29 21:19:07', 'Πανεπιστήμιο Δυτικής Αττικής', '2003-10-03 20:44:45');
insert into researcher (researcher_name, researcher_surname, gender, date_of_birth, org_name, contract_date) values ('Αναστάσιος', 'Ψάλτης', 'M', '1968-07-03 19:01:58', 'Δημόκριτος', '1999-08-11 03:28:40');
insert into researcher (researcher_name, researcher_surname, gender, date_of_birth, org_name, contract_date) values ('Γεώργιος', 'Δημητριάδης', 'M', '1997-01-19 12:12:21', 'Ιόνιο Πανεπιστήμιο', '2008-02-13 03:50:17');
insert into researcher (researcher_name, researcher_surname, gender, date_of_birth, org_name, contract_date) values ('Κιαμάλ', 'Παπαπάσχου', 'M', '1993-01-10 07:29:24', 'Εθνικό Αστεροσκοπείο Αθηνών', '2003-08-15 10:35:32');
insert into researcher (researcher_name, researcher_surname, gender, date_of_birth, org_name, contract_date) values ('Αναστάσιος', 'Δασκαλάκης', 'M', '1956-11-11 21:27:52', 'Διεθνές Πανεπιστήμιο Ελλάδος', '2002-12-30 18:36:02');
insert into researcher (researcher_name, researcher_surname, gender, date_of_birth, org_name, contract_date) values ('Νέστωρ', 'Ζαχαριάς', 'M', '1975-08-19 01:57:37', 'Δημοκρίτειο Πανεπιστήμιο Θράκης', '1996-04-10 13:16:10');
insert into researcher (researcher_name, researcher_surname, gender, date_of_birth, org_name, contract_date) values ('Παντελεήμων', 'Παπαδόπουλος', 'M', '1985-03-11 02:12:25', 'Πανεπιστήμιο Κρήτης', '2009-01-27 03:54:42');
insert into researcher (researcher_name, researcher_surname, gender, date_of_birth, org_name, contract_date) values ('Μιχαήλ', 'Κοτζιάς', 'M', '1970-12-18 07:14:54', 'Δημοκρίτειο Πανεπιστήμιο Θράκης', '2008-09-07 08:12:46');
insert into researcher (researcher_name, researcher_surname, gender, date_of_birth, org_name, contract_date) values ('Συμεών', 'Δασκαλάκης', 'M', '1977-01-02 07:09:09', 'Πανεπιστήμιο Κρήτης', '1997-08-27 18:18:51');
insert into researcher (researcher_name, researcher_surname, gender, date_of_birth, org_name, contract_date) values ('Νικόλαος', 'Παπαγεωργίου', 'M', '1989-05-18 06:26:06', 'Δημοκρίτειο Πανεπιστήμιο Θράκης', '2004-02-27 10:31:02');
insert into researcher (researcher_name, researcher_surname, gender, date_of_birth, org_name, contract_date) values ('Μάριος', 'Ιωαννίδης', 'M', '1959-05-13 20:30:49', 'Διεθνές Πανεπιστήμιο Ελλάδος', '2017-04-24 15:06:18');
insert into researcher (researcher_name, researcher_surname, gender, date_of_birth, org_name, contract_date) values ('Κρίτων', 'Σπυρόπουλος', 'M', '1956-02-27 09:36:00', 'Διεθνές Πανεπιστήμιο Ελλάδος', '2018-11-03 19:43:55');
insert into researcher (researcher_name, researcher_surname, gender, date_of_birth, org_name, contract_date) values ('Μάξιμος', 'Ιωάννου', 'M', '1964-08-23 04:46:35', 'Πανεπιστήμιο Κρήτης', '1995-10-03 05:17:58');
insert into researcher (researcher_name, researcher_surname, gender, date_of_birth, org_name, contract_date) values ('Ιορδάνης', 'Αποστολίδης', 'M', '1993-12-07 03:00:02', 'Δημοκρίτειο Πανεπιστήμιο Θράκης', '1999-09-27 02:10:31');
insert into researcher (researcher_name, researcher_surname, gender, date_of_birth, org_name, contract_date) values ('Ιγνάτιος', 'Δημητριάδης', 'M', '1988-03-20 07:25:25', 'Ιόνιο Πανεπιστήμιο', '2002-01-22 01:50:47');
insert into researcher (researcher_name, researcher_surname, gender, date_of_birth, org_name, contract_date) values ('Παντελεήμων', 'Κοτζιάς', 'M', '1968-02-06 11:12:44', 'Δημοκρίτειο Πανεπιστήμιο Θράκης', '2002-04-09 02:56:48');
insert into researcher (researcher_name, researcher_surname, gender, date_of_birth, org_name, contract_date) values ('Ιορδάνης', 'Αλταντζής', 'M', '1965-08-21 03:15:25', 'Δημοκρίτειο Πανεπιστήμιο Θράκης', '2007-12-26 04:16:53');
insert into researcher (researcher_name, researcher_surname, gender, date_of_birth, org_name, contract_date) values ('Παντελεήμων', 'Τάχιας', 'M', '1987-08-14 12:30:20', 'Ιόνιο Πανεπιστήμιο', '2019-04-16 04:57:07');
insert into researcher (researcher_name, researcher_surname, gender, date_of_birth, org_name, contract_date) values ('Ηρακλής', 'Παπακώστας', 'M', '1981-12-28 14:39:57', 'Ιόνιο Πανεπιστήμιο', '2014-07-18 02:49:38');
insert into researcher (researcher_name, researcher_surname, gender, date_of_birth, org_name, contract_date) values ('Βασίλειος', 'Καραϊσκάκης', 'M', '1959-08-18 17:03:28', 'Δημόκριτος', '2020-12-03 12:56:57');
insert into researcher (researcher_name, researcher_surname, gender, date_of_birth, org_name, contract_date) values ('Απόστολος', 'Καραϊσκάκης', 'M', '1981-06-05 01:38:34', 'Πανεπιστήμιο Κρήτης', '2017-10-19 01:30:32');
insert into researcher (researcher_name, researcher_surname, gender, date_of_birth, org_name, contract_date) values ('Συμεών', 'Αργυρίου', 'M', '1969-11-09 22:21:59', 'Εθνικό Αστεροσκοπείο Αθηνών', '2011-07-01 23:40:07');
insert into researcher (researcher_name, researcher_surname, gender, date_of_birth, org_name, contract_date) values ('Μιλτιάδης', 'Κάλλος', 'M', '1972-07-11 02:41:24', 'Ιόνιο Πανεπιστήμιο', '2021-07-24 12:00:44');
insert into researcher (researcher_name, researcher_surname, gender, date_of_birth, org_name, contract_date) values ('Μάξιμος', 'Πέτρου', 'M', '1968-11-16 19:54:43', 'Πανεπιστήμιο Κρήτης', '2019-05-29 12:42:15');
insert into researcher (researcher_name, researcher_surname, gender, date_of_birth, org_name, contract_date) values ('Σωτήριος', 'Τάχιας', 'M', '1985-07-05 19:38:41', 'Ιόνιο Πανεπιστήμιο', '2014-06-09 19:48:53');
insert into researcher (researcher_name, researcher_surname, gender, date_of_birth, org_name, contract_date) values ('Παντελεήμων', 'Μακάριος', 'M', '1959-01-03 04:23:02', 'Δημοκρίτειο Πανεπιστήμιο Θράκης', '2010-02-25 08:49:10');
insert into researcher (researcher_name, researcher_surname, gender, date_of_birth, org_name, contract_date) values ('Παναγιώτης', 'Αποστολίδης', 'M', '1978-02-14 01:59:31', 'Δημόκριτος', '2012-12-12 16:30:10');
insert into researcher (researcher_name, researcher_surname, gender, date_of_birth, org_name, contract_date) values ('Άγγελος', 'Δημητρίου', 'M', '1991-08-09 07:03:12', 'Πανεπιστήμιο Κρήτης', '2002-06-16 12:37:09');
insert into researcher (researcher_name, researcher_surname, gender, date_of_birth, org_name, contract_date) values ('Κιαμάλ', 'Παππάς', 'M', '1984-12-11 02:48:40', 'Πανεπιστήμιο Δυτικής Αττικής', '2018-09-02 04:57:13');
insert into researcher (researcher_name, researcher_surname, gender, date_of_birth, org_name, contract_date) values ('Σωτήριος', 'Γεωργιάδης', 'M', '1993-11-02 00:49:49', 'Πανεπιστήμιο Κρήτης', '1998-02-17 12:58:44');
insert into researcher (researcher_name, researcher_surname, gender, date_of_birth, org_name, contract_date) values ('Παντελεήμων', 'Γαϊτανίδης', 'M', '1981-06-14 18:39:22', 'Δημοκρίτειο Πανεπιστήμιο Θράκης', '2000-11-16 01:13:01');
insert into researcher (researcher_name, researcher_surname, gender, date_of_birth, org_name, contract_date) values ('Συμεών', 'Δημητρίου', 'M', '1956-07-06 12:49:53', 'Ιόνιο Πανεπιστήμιο', '2006-10-01 19:59:30');
insert into researcher (researcher_name, researcher_surname, gender, date_of_birth, org_name, contract_date) values ('Περικλής', 'Χαριστέας', 'M', '1982-05-06 13:12:51', 'Εθνικό Αστεροσκοπείο Αθηνών', '2020-11-30 02:06:58');
insert into researcher (researcher_name, researcher_surname, gender, date_of_birth, org_name, contract_date) values ('Κρίτων', 'Παπακώστας', 'M', '1966-06-25 13:48:30', 'Πανεπιστήμιο Κρήτης', '2007-03-04 14:09:23');
insert into researcher (researcher_name, researcher_surname, gender, date_of_birth, org_name, contract_date) values ('Νέστωρ', 'Κάλλος', 'M', '1975-09-24 04:36:26', 'Εθνικό Αστεροσκοπείο Αθηνών', '2006-02-04 21:00:48');
insert into researcher (researcher_name, researcher_surname, gender, date_of_birth, org_name, contract_date) values ('Νικόλαος', 'Ιωάννου', 'M', '1959-12-13 16:52:01', 'Εθνικό Αστεροσκοπείο Αθηνών', '2005-03-22 07:59:53');
insert into researcher (researcher_name, researcher_surname, gender, date_of_birth, org_name, contract_date) values ('Σωκράτης', 'Αναστασιάδης', 'M', '1990-04-16 21:38:18', 'Ιόνιο Πανεπιστήμιο', '1996-02-05 12:29:35');
insert into researcher (researcher_name, researcher_surname, gender, date_of_birth, org_name, contract_date) values ('Περικλής', 'Πέτρου', 'M', '1984-11-07 10:35:56', 'Εθνικό Αστεροσκοπείο Αθηνών', '1999-06-16 07:10:55');
insert into researcher (researcher_name, researcher_surname, gender, date_of_birth, org_name, contract_date) values ('Ιάκωβος', 'Γεωργάκης', 'M', '1997-11-18 06:45:25', 'Ιόνιο Πανεπιστήμιο', '2014-02-25 16:06:21');
insert into researcher (researcher_name, researcher_surname, gender, date_of_birth, org_name, contract_date) values ('Αναστάσιος', 'Κοτζιάς', 'M', '1969-04-19 23:28:36', 'Ιόνιο Πανεπιστήμιο', '2006-09-16 05:02:37');
insert into researcher (researcher_name, researcher_surname, gender, date_of_birth, org_name, contract_date) values ('Αλέξανδρος', 'Ντόκος', 'M', '1999-09-30 13:55:09', 'Ιόνιο Πανεπιστήμιο', '2001-12-16 01:12:23');
insert into researcher (researcher_name, researcher_surname, gender, date_of_birth, org_name, contract_date) values ('Θεόδωρος', 'Σιώζος', 'M', '1965-12-15 19:40:03', 'Πανεπιστήμιο Δυτικής Αττικής', '2015-05-10 17:50:01');
insert into researcher (researcher_name, researcher_surname, gender, date_of_birth, org_name, contract_date) values ('Κωνσταντίνος', 'Μακάριος', 'M', '1969-08-11 16:48:09', 'Δημοκρίτειο Πανεπιστήμιο Θράκης', '2010-11-09 23:28:18');
insert into researcher (researcher_name, researcher_surname, gender, date_of_birth, org_name, contract_date) values ('Σωτήριος', 'Πέτρου', 'M', '1964-10-25 19:51:43', 'Διεθνές Πανεπιστήμιο Ελλάδος', '2005-04-18 21:58:41');
insert into researcher (researcher_name, researcher_surname, gender, date_of_birth, org_name, contract_date) values ('Θεόδωρος', 'Ντόκος', 'M', '1995-08-24 12:31:27', 'Δημοκρίτειο Πανεπιστήμιο Θράκης', '2013-01-13 05:04:36');
insert into researcher (researcher_name, researcher_surname, gender, date_of_birth, org_name, contract_date) values ('Σωτήριος', 'Σπύρου', 'M', '1988-08-04 22:32:18', 'Διεθνές Πανεπιστήμιο Ελλάδος', '2018-08-03 00:04:33');
insert into researcher (researcher_name, researcher_surname, gender, date_of_birth, org_name, contract_date) values ('Ηρακλής', 'Παπαδόπουλος', 'M', '1969-02-01 17:03:25', 'Δημόκριτος', '2015-01-16 03:35:09');
insert into researcher (researcher_name, researcher_surname, gender, date_of_birth, org_name, contract_date) values ('Ιορδάνης', 'Γεωργάκης', 'M', '1971-04-25 19:40:08', 'Διεθνές Πανεπιστήμιο Ελλάδος', '2001-09-24 09:00:06');
insert into researcher (researcher_name, researcher_surname, gender, date_of_birth, org_name, contract_date) values ('Ιωάννης', 'Μπρέστης', 'M', '1978-11-22 10:53:12', 'Πανεπιστήμιο Κρήτης', '2014-05-11 05:59:19');
insert into researcher (researcher_name, researcher_surname, gender, date_of_birth, org_name, contract_date) values ('Ιωάννης', 'Σπύρου', 'M', '1967-12-31 07:33:55', 'Δημόκριτος', '1997-09-26 13:52:38');
insert into researcher (researcher_name, researcher_surname, gender, date_of_birth, org_name, contract_date) values ('Μιλτιάδης', 'Δημητριάδης', 'M', '1987-05-04 23:53:12', 'Εθνικό Αστεροσκοπείο Αθηνών', '2011-08-11 18:39:25');
insert into researcher (researcher_name, researcher_surname, gender, date_of_birth, org_name, contract_date) values ('Σοφία', 'Σπύρου', 'F', '1977-07-04 15:57:17', 'Διεθνές Πανεπιστήμιο Ελλάδος', '1995-01-09 21:30:08');
insert into researcher (researcher_name, researcher_surname, gender, date_of_birth, org_name, contract_date) values ('Λαμπρινή', 'Παπακώστα', 'F', '1970-08-03 00:39:30', 'Πανεπιστήμιο Κρήτης', '2017-07-03 07:30:44');
insert into researcher (researcher_name, researcher_surname, gender, date_of_birth, org_name, contract_date) values ('Σοφία', 'Κάλλου', 'F', '1967-11-29 05:05:54', 'Διεθνές Πανεπιστήμιο Ελλάδος', '2002-03-18 17:47:16');
insert into researcher (researcher_name, researcher_surname, gender, date_of_birth, org_name, contract_date) values ('Βασιλική', 'Τάχια', 'F', '1972-08-22 08:01:36', 'Δημοκρίτειο Πανεπιστήμιο Θράκης', '2014-01-01 17:17:02');
insert into researcher (researcher_name, researcher_surname, gender, date_of_birth, org_name, contract_date) values ('Ελένη', 'Παπαπάσχου', 'F', '1976-08-30 12:13:28', 'Δημόκριτος', '2002-12-20 17:12:09');
insert into researcher (researcher_name, researcher_surname, gender, date_of_birth, org_name, contract_date) values ('Μιχαέλα', 'Ιωάννου', 'F', '1983-04-03 21:27:41', 'Ιόνιο Πανεπιστήμιο', '1996-06-21 12:18:04');
insert into researcher (researcher_name, researcher_surname, gender, date_of_birth, org_name, contract_date) values ('Κάμαλα', 'Σπύρου', 'F', '1976-02-23 10:51:04', 'Ιόνιο Πανεπιστήμιο', '2002-05-28 05:21:42');
insert into researcher (researcher_name, researcher_surname, gender, date_of_birth, org_name, contract_date) values ('Βασιλική', 'Σαμαράκη', 'F', '1962-10-09 07:25:56', 'Ιόνιο Πανεπιστήμιο', '2011-12-16 17:56:23');
insert into researcher (researcher_name, researcher_surname, gender, date_of_birth, org_name, contract_date) values ('Μαρία', 'Πασχαλίδη', 'F', '1982-06-18 23:18:10', 'Ιόνιο Πανεπιστήμιο', '2008-04-11 15:08:38');
insert into researcher (researcher_name, researcher_surname, gender, date_of_birth, org_name, contract_date) values ('Γεωργία', 'Γαϊτανίδη', 'F', '1966-03-18 05:56:48', 'Πανεπιστήμιο Κρήτης', '2021-09-10 06:17:55');
insert into researcher (researcher_name, researcher_surname, gender, date_of_birth, org_name, contract_date) values ('Χλόη', 'Γεωργάκη', 'F', '1958-03-05 10:59:03', 'Δημοκρίτειο Πανεπιστήμιο Θράκης', '2019-12-25 01:26:06');
insert into researcher (researcher_name, researcher_surname, gender, date_of_birth, org_name, contract_date) values ('Ιγνατία', 'Παπαγιάννη', 'F', '1992-05-03 19:04:41', 'Δημόκριτος', '2007-08-30 04:41:19');
insert into researcher (researcher_name, researcher_surname, gender, date_of_birth, org_name, contract_date) values ('Σωτηρία', 'Αναστασίου', 'F', '1993-07-03 21:36:26', 'Ιόνιο Πανεπιστήμιο', '1996-11-21 03:41:53');
insert into researcher (researcher_name, researcher_surname, gender, date_of_birth, org_name, contract_date) values ('Αγγελική', 'Ιωάννου', 'F', '1966-05-24 09:00:21', 'Διεθνές Πανεπιστήμιο Ελλάδος', '2015-03-07 23:19:39');
insert into researcher (researcher_name, researcher_surname, gender, date_of_birth, org_name, contract_date) values ('Ελευθερία', 'Σπύρου', 'F', '1973-10-18 06:59:17', 'Δημόκριτος', '2012-08-22 10:00:09');
insert into researcher (researcher_name, researcher_surname, gender, date_of_birth, org_name, contract_date) values ('Σταυρούλα', 'Σιώντη', 'F', '1974-12-24 10:53:05', 'Πανεπιστήμιο Δυτικής Αττικής', '2007-08-05 10:51:02');
insert into researcher (researcher_name, researcher_surname, gender, date_of_birth, org_name, contract_date) values ('Ελευθερία', 'Ιωάννου', 'F', '1963-07-13 07:49:58', 'Ιόνιο Πανεπιστήμιο', '2019-02-06 20:51:21');
insert into researcher (researcher_name, researcher_surname, gender, date_of_birth, org_name, contract_date) values ('Στεφανία', 'Καραϊσκάκη', 'F', '1993-10-23 19:58:30', 'Δημόκριτος', '2015-10-26 17:03:00');
insert into researcher (researcher_name, researcher_surname, gender, date_of_birth, org_name, contract_date) values ('Ελένη', 'Ψάλτη', 'F', '1957-05-21 17:44:29', 'Ιόνιο Πανεπιστήμιο', '1996-10-18 14:11:56');
insert into researcher (researcher_name, researcher_surname, gender, date_of_birth, org_name, contract_date) values ('Σταυρούλα', 'Θώμου', 'F', '1978-08-20 11:46:27', 'Διεθνές Πανεπιστήμιο Ελλάδος', '2011-03-31 15:52:54');
insert into researcher (researcher_name, researcher_surname, gender, date_of_birth, org_name, contract_date) values ('Κωνσταντίνα', 'Ντόκου', 'F', '1979-11-19 17:25:00', 'Δημόκριτος', '2013-08-16 00:26:26');
insert into researcher (researcher_name, researcher_surname, gender, date_of_birth, org_name, contract_date) values ('Σοφία', 'Πουλόπουλου', 'F', '1996-02-04 21:50:04', 'Εθνικό Αστεροσκοπείο Αθηνών', '2004-06-06 04:05:07');
insert into researcher (researcher_name, researcher_surname, gender, date_of_birth, org_name, contract_date) values ('Ελένη', 'Θώμου', 'F', '1966-10-02 19:24:44', 'Δημόκριτος', '2010-12-31 15:59:12');
insert into researcher (researcher_name, researcher_surname, gender, date_of_birth, org_name, contract_date) values ('Βασιλική', 'Πετράκη', 'F', '1995-09-02 17:57:30', 'Ιόνιο Πανεπιστήμιο', '2013-04-01 07:37:35');
insert into researcher (researcher_name, researcher_surname, gender, date_of_birth, org_name, contract_date) values ('Αγγελική', 'Παπαγεωργίου', 'F', '1996-04-26 04:17:48', 'Εθνικό Αστεροσκοπείο Αθηνών', '2015-12-01 02:10:54');
insert into researcher (researcher_name, researcher_surname, gender, date_of_birth, org_name, contract_date) values ('Κωνσταντίνα', 'Παπαπάσχου', 'F', '1998-12-02 07:52:11', 'Πανεπιστήμιο Δυτικής Αττικής', '1996-06-16 12:46:29');
insert into researcher (researcher_name, researcher_surname, gender, date_of_birth, org_name, contract_date) values ('Αθανασία', 'Αλταντζή', 'F', '1998-01-01 20:23:52', 'Εθνικό Αστεροσκοπείο Αθηνών', '2020-04-29 04:58:08');
insert into researcher (researcher_name, researcher_surname, gender, date_of_birth, org_name, contract_date) values ('Σπυριδούλα', 'Γαϊτανίδη', 'F', '1993-10-31 02:34:28', 'Εθνικό Αστεροσκοπείο Αθηνών', '2014-06-08 10:09:17');
insert into researcher (researcher_name, researcher_surname, gender, date_of_birth, org_name, contract_date) values ('Παναγιώτα', 'Παπακώστα', 'F', '1996-03-22 04:17:53', 'Διεθνές Πανεπιστήμιο Ελλάδος', '2018-04-19 03:17:34');
insert into researcher (researcher_name, researcher_surname, gender, date_of_birth, org_name, contract_date) values ('Αγγελική', 'Αναστασίου', 'F', '1974-05-15 06:18:11', 'Πανεπιστήμιο Κρήτης', '2018-02-27 17:36:14');
insert into researcher (researcher_name, researcher_surname, gender, date_of_birth, org_name, contract_date) values ('Μιχαέλα', 'Σπυρόπουλου', 'F', '1970-05-19 03:28:56', 'Διεθνές Πανεπιστήμιο Ελλάδος', '2014-01-26 09:07:11');
insert into researcher (researcher_name, researcher_surname, gender, date_of_birth, org_name, contract_date) values ('Σπυριδούλα', 'Θώμου', 'F', '1973-04-17 07:48:50', 'Διεθνές Πανεπιστήμιο Ελλάδος', '1996-01-16 16:46:05');
insert into researcher (researcher_name, researcher_surname, gender, date_of_birth, org_name, contract_date) values ('Σταυρούλα', 'Παπακώστα', 'F', '1966-06-20 02:42:18', 'Δημοκρίτειο Πανεπιστήμιο Θράκης', '1999-07-30 23:42:08');
insert into researcher (researcher_name, researcher_surname, gender, date_of_birth, org_name, contract_date) values ('Ηλιάνα', 'Αναστασιάδη', 'F', '1994-07-19 13:45:13', 'Ιόνιο Πανεπιστήμιο', '2010-12-09 00:35:05');
insert into researcher (researcher_name, researcher_surname, gender, date_of_birth, org_name, contract_date) values ('Βασιλική', 'Φράγκου', 'F', '1980-04-28 18:05:26', 'Ιόνιο Πανεπιστήμιο', '2004-07-18 04:52:50');
insert into researcher (researcher_name, researcher_surname, gender, date_of_birth, org_name, contract_date) values ('Χλόη', 'Μπλιώνα', 'F', '1980-08-09 19:24:00', 'Δημόκριτος', '2017-05-18 13:31:58');
insert into researcher (researcher_name, researcher_surname, gender, date_of_birth, org_name, contract_date) values ('Λαμπρινή', 'Γαϊτανίδη', 'F', '1987-02-16 06:45:14', 'Δημοκρίτειο Πανεπιστήμιο Θράκης', '2010-06-28 13:27:30');
insert into researcher (researcher_name, researcher_surname, gender, date_of_birth, org_name, contract_date) values ('Θεοδώρα', 'Κοτζιά', 'F', '1986-05-25 23:44:28', 'Πανεπιστήμιο Κρήτης', '2007-03-27 03:09:30');
insert into researcher (researcher_name, researcher_surname, gender, date_of_birth, org_name, contract_date) values ('Στεφανία', 'Τσουκαλά', 'F', '1971-06-01 18:47:13', 'Δημοκρίτειο Πανεπιστήμιο Θράκης', '2019-12-19 21:34:52');
insert into researcher (researcher_name, researcher_surname, gender, date_of_birth, org_name, contract_date) values ('Ιγνατία', 'Γεωργάκη', 'F', '1978-10-12 16:34:01', 'Πανεπιστήμιο Κρήτης', '2021-12-06 08:11:06');
insert into researcher (researcher_name, researcher_surname, gender, date_of_birth, org_name, contract_date) values ('Σπυριδούλα', 'Δασκαλάκη', 'F', '1991-02-20 16:43:27', 'Δημόκριτος', '2013-07-17 17:32:44');
insert into researcher (researcher_name, researcher_surname, gender, date_of_birth, org_name, contract_date) values ('Ραφαέλα', 'Μπλιώνα', 'F', '1971-12-27 06:59:31', 'Δημοκρίτειο Πανεπιστήμιο Θράκης', '2018-08-08 18:44:00');
insert into researcher (researcher_name, researcher_surname, gender, date_of_birth, org_name, contract_date) values ('Βασιλική', 'Τσουκαλά', 'F', '1961-07-28 06:42:17', 'Εθνικό Αστεροσκοπείο Αθηνών', '2019-01-01 18:20:27');
insert into researcher (researcher_name, researcher_surname, gender, date_of_birth, org_name, contract_date) values ('Αγγελική', 'Φιλίππου', 'F', '1969-04-16 17:08:02', 'Ιόνιο Πανεπιστήμιο', '2004-11-12 13:47:56');
insert into researcher (researcher_name, researcher_surname, gender, date_of_birth, org_name, contract_date) values ('Κάμαλα', 'Πετράκη', 'F', '1965-03-21 05:33:39', 'Πανεπιστήμιο Δυτικής Αττικής', '1995-08-07 22:17:45');
insert into researcher (researcher_name, researcher_surname, gender, date_of_birth, org_name, contract_date) values ('Κάμαλα', 'Παππά', 'F', '1976-11-25 02:53:06', 'Πανεπιστήμιο Κρήτης', '2008-07-21 19:49:15');
insert into researcher (researcher_name, researcher_surname, gender, date_of_birth, org_name, contract_date) values ('Ελευθερία', 'Παπαπάσχου', 'F', '1979-06-24 03:42:04', 'Εθνικό Αστεροσκοπείο Αθηνών', '2012-01-21 23:58:45');
insert into researcher (researcher_name, researcher_surname, gender, date_of_birth, org_name, contract_date) values ('Αλεξάνδρα', 'Παπακώστα', 'F', '1988-02-17 04:18:06', 'Πανεπιστήμιο Κρήτης', '2006-06-02 15:09:05');
insert into researcher (researcher_name, researcher_surname, gender, date_of_birth, org_name, contract_date) values ('Λαμπρινή', 'Χαριστέα', 'F', '1992-08-18 03:29:10', 'Διεθνές Πανεπιστήμιο Ελλάδος', '2004-06-24 14:45:09');
insert into researcher (researcher_name, researcher_surname, gender, date_of_birth, org_name, contract_date) values ('Μαρία', 'Γαϊτανίδη', 'F', '1962-06-26 06:33:14', 'Ιόνιο Πανεπιστήμιο', '1995-05-11 08:37:36');
